alert_id,station_id,region,issued_at,valid_from,valid_to,severity,alert_type,status,expected_impact_score,observed_incidents,affected_population_estimate
ALT001,STN001,North Coast,2026-01-09 18:00:00,2026-01-10 00:00:00,2026-01-10 18:00:00,amber,wind,expired,62,8,125000
ALT002,STN003,Highlands,2026-01-09 20:00:00,2026-01-10 03:00:00,2026-01-10 21:00:00,red,snow,expired,86,21,42000
ALT003,STN005,South Coast,2026-01-10 14:00:00,2026-01-11 02:00:00,2026-01-11 20:00:00,amber,rain,expired,71,13,138000
ALT004,STN006,Western Hills,2026-01-11 06:00:00,2026-01-12 00:00:00,2026-01-12 18:00:00,yellow,rain,expired,48,6,83000
ALT005,STN007,North Coast,2026-01-11 11:00:00,2026-01-12 04:00:00,2026-01-12 16:00:00,yellow,wind,expired,42,3,67000
ALT006,STN010,Highlands,2026-01-13 03:00:00,2026-01-14 00:00:00,2026-01-14 23:00:00,red,ice,expired,91,28,36000
ALT007,STN004,East Plains,2026-02-01 05:00:00,2026-02-01 10:00:00,2026-02-01 21:00:00,yellow,fog,issued,37,0,97000
ALT008,STN008,Central Valley,2026-02-01 06:00:00,2026-02-01 09:00:00,2026-02-01 18:00:00,yellow,fog,issued,34,0,188000
ALT009,STN002,Central Valley,2026-07-14 09:00:00,2026-07-15 00:00:00,2026-07-16 00:00:00,amber,heat,issued,66,0,315000
ALT010,STN011,Central Valley,2026-07-14 09:30:00,2026-07-15 00:00:00,2026-07-16 00:00:00,amber,heat,issued,69,0,280000
ALT011,STN009,East Plains,2026-08-03 12:00:00,2026-08-04 04:00:00,2026-08-04 22:00:00,yellow,thunderstorm,issued,44,0,54000
ALT012,STN012,Western Hills,2026-08-04 13:00:00,2026-08-05 01:00:00,2026-08-05 15:00:00,yellow,rain,cancelled,28,0,22000
ALT013,STN091,North Coast,2026-08-05 00:00:00,2026-08-05 07:00:00,2026-08-06 12:00:00,amber,thunderstorm,expired,82,4,141503
ALT014,STN098,Central Valley,2026-08-05 12:00:00,2026-08-05 20:00:00,2026-08-07 06:00:00,red,wind,cancelled,93,7,151234
ALT015,STN105,Highlands,2026-08-06 00:00:00,2026-08-06 09:00:00,2026-08-08 00:00:00,yellow,snow,issued,23,0,160965
ALT016,STN112,East Plains,2026-08-06 12:00:00,2026-08-06 22:00:00,2026-08-08 18:00:00,amber,rain,expired,34,13,170696
ALT017,STN119,South Coast,2026-08-07 00:00:00,2026-08-07 11:00:00,2026-08-09 12:00:00,red,ice,cancelled,45,16,180427
ALT018,STN126,Western Hills,2026-08-07 12:00:00,2026-08-07 15:00:00,2026-08-09 21:00:00,yellow,fog,issued,56,0,190158
ALT019,STN133,North Coast,2026-08-08 00:00:00,2026-08-08 04:00:00,2026-08-10 15:00:00,amber,heat,expired,67,22,199889
ALT020,STN140,Central Valley,2026-08-08 12:00:00,2026-08-08 17:00:00,2026-08-09 09:00:00,red,thunderstorm,cancelled,78,25,209620
ALT021,STN147,Highlands,2026-08-09 00:00:00,2026-08-09 06:00:00,2026-08-10 03:00:00,yellow,wind,issued,89,0,219351
ALT022,STN154,East Plains,2026-08-09 12:00:00,2026-08-09 19:00:00,2026-08-10 21:00:00,amber,snow,expired,100,31,229082
ALT023,STN161,South Coast,2026-08-10 00:00:00,2026-08-10 08:00:00,2026-08-11 15:00:00,red,rain,cancelled,30,34,238813
ALT024,STN168,Western Hills,2026-08-10 12:00:00,2026-08-10 21:00:00,2026-08-12 09:00:00,yellow,ice,issued,41,0,248544
ALT025,STN175,North Coast,2026-08-11 00:00:00,2026-08-11 10:00:00,2026-08-13 03:00:00,amber,fog,expired,52,5,258275
ALT026,STN182,Central Valley,2026-08-11 12:00:00,2026-08-11 23:00:00,2026-08-13 21:00:00,red,heat,cancelled,63,8,268006
ALT027,STN189,Highlands,2026-08-12 00:00:00,2026-08-12 03:00:00,2026-08-14 06:00:00,yellow,thunderstorm,issued,74,0,277737
ALT028,STN196,East Plains,2026-08-12 12:00:00,2026-08-12 16:00:00,2026-08-15 00:00:00,amber,wind,expired,85,14,287468
ALT029,STN203,South Coast,2026-08-13 00:00:00,2026-08-13 05:00:00,2026-08-13 18:00:00,red,snow,cancelled,96,17,297199
ALT030,STN210,Western Hills,2026-08-13 12:00:00,2026-08-13 18:00:00,2026-08-14 12:00:00,yellow,rain,issued,26,0,306930
ALT031,STN217,North Coast,2026-08-14 00:00:00,2026-08-14 07:00:00,2026-08-15 06:00:00,amber,ice,expired,37,23,316661
ALT032,STN224,Central Valley,2026-08-14 12:00:00,2026-08-14 20:00:00,2026-08-16 00:00:00,red,fog,cancelled,48,26,326392
ALT033,STN231,Highlands,2026-08-15 00:00:00,2026-08-15 09:00:00,2026-08-16 18:00:00,yellow,heat,issued,59,0,336123
ALT034,STN238,East Plains,2026-08-15 12:00:00,2026-08-15 22:00:00,2026-08-17 12:00:00,amber,thunderstorm,expired,70,32,345854
ALT035,STN245,South Coast,2026-08-16 00:00:00,2026-08-16 11:00:00,2026-08-18 06:00:00,red,wind,cancelled,81,0,355585
ALT036,STN252,Western Hills,2026-08-16 12:00:00,2026-08-16 15:00:00,2026-08-18 15:00:00,yellow,snow,issued,92,0,365316
ALT037,STN259,North Coast,2026-08-17 00:00:00,2026-08-17 04:00:00,2026-08-19 09:00:00,amber,rain,expired,22,6,375047
ALT038,STN266,Central Valley,2026-08-17 12:00:00,2026-08-17 17:00:00,2026-08-20 03:00:00,red,ice,cancelled,33,9,384778
ALT039,STN273,Highlands,2026-08-18 00:00:00,2026-08-18 06:00:00,2026-08-18 21:00:00,yellow,fog,issued,44,0,394509
ALT040,STN280,East Plains,2026-08-18 12:00:00,2026-08-18 19:00:00,2026-08-19 15:00:00,amber,heat,expired,55,15,404240
ALT041,STN287,South Coast,2026-08-19 00:00:00,2026-08-19 08:00:00,2026-08-20 09:00:00,red,thunderstorm,cancelled,66,18,413971
ALT042,STN294,Western Hills,2026-08-19 12:00:00,2026-08-19 21:00:00,2026-08-21 03:00:00,yellow,wind,issued,77,0,423702
ALT043,STN301,North Coast,2026-08-20 00:00:00,2026-08-20 10:00:00,2026-08-21 21:00:00,amber,snow,expired,88,24,433433
ALT044,STN308,Central Valley,2026-08-20 12:00:00,2026-08-20 23:00:00,2026-08-22 15:00:00,red,rain,cancelled,99,27,443164
ALT045,STN315,Highlands,2026-08-21 00:00:00,2026-08-21 03:00:00,2026-08-23 00:00:00,yellow,ice,issued,29,0,452895
ALT046,STN322,East Plains,2026-08-21 12:00:00,2026-08-21 16:00:00,2026-08-23 18:00:00,amber,fog,expired,40,33,462626
ALT047,STN329,South Coast,2026-08-22 00:00:00,2026-08-22 05:00:00,2026-08-24 12:00:00,red,heat,cancelled,51,1,472357
ALT048,STN336,Western Hills,2026-08-22 12:00:00,2026-08-22 18:00:00,2026-08-23 06:00:00,yellow,thunderstorm,issued,62,0,482088
ALT049,STN343,North Coast,2026-08-23 00:00:00,2026-08-23 07:00:00,2026-08-24 00:00:00,amber,wind,expired,73,7,491819
ALT050,STN350,Central Valley,2026-08-23 12:00:00,2026-08-23 20:00:00,2026-08-24 18:00:00,red,snow,cancelled,84,10,16550
ALT051,STN357,Highlands,2026-08-24 00:00:00,2026-08-24 09:00:00,2026-08-25 12:00:00,yellow,rain,issued,95,0,26281
ALT052,STN364,East Plains,2026-08-24 12:00:00,2026-08-24 22:00:00,2026-08-26 06:00:00,amber,ice,expired,25,16,36012
ALT053,STN371,South Coast,2026-08-25 00:00:00,2026-08-25 11:00:00,2026-08-27 00:00:00,red,fog,cancelled,36,19,45743
ALT054,STN378,Western Hills,2026-08-25 12:00:00,2026-08-25 15:00:00,2026-08-27 09:00:00,yellow,heat,issued,47,0,55474
ALT055,STN385,North Coast,2026-08-26 00:00:00,2026-08-26 04:00:00,2026-08-28 03:00:00,amber,thunderstorm,expired,58,25,65205
ALT056,STN392,Central Valley,2026-08-26 12:00:00,2026-08-26 17:00:00,2026-08-28 21:00:00,red,wind,cancelled,69,28,74936
ALT057,STN399,Highlands,2026-08-27 00:00:00,2026-08-27 06:00:00,2026-08-29 15:00:00,yellow,snow,issued,80,0,84667
ALT058,STN406,East Plains,2026-08-27 12:00:00,2026-08-27 19:00:00,2026-08-28 09:00:00,amber,rain,expired,91,34,94398
ALT059,STN413,South Coast,2026-08-28 00:00:00,2026-08-28 08:00:00,2026-08-29 03:00:00,red,ice,cancelled,21,2,104129
ALT060,STN420,Western Hills,2026-08-28 12:00:00,2026-08-28 21:00:00,2026-08-29 21:00:00,yellow,fog,issued,32,0,113860
ALT061,STN427,North Coast,2026-08-29 00:00:00,2026-08-29 10:00:00,2026-08-30 15:00:00,amber,heat,expired,43,8,123591
ALT062,STN434,Central Valley,2026-08-29 12:00:00,2026-08-29 23:00:00,2026-08-31 09:00:00,red,thunderstorm,cancelled,54,11,133322
ALT063,STN441,Highlands,2026-08-30 00:00:00,2026-08-30 03:00:00,2026-08-31 18:00:00,yellow,wind,issued,65,0,143053
ALT064,STN448,East Plains,2026-08-30 12:00:00,2026-08-30 16:00:00,2026-09-01 12:00:00,amber,snow,expired,76,17,152784
ALT065,STN455,South Coast,2026-08-31 00:00:00,2026-08-31 05:00:00,2026-09-02 06:00:00,red,rain,cancelled,87,20,162515
ALT066,STN462,Western Hills,2026-08-31 12:00:00,2026-08-31 18:00:00,2026-09-03 00:00:00,yellow,ice,issued,98,0,172246
ALT067,STN469,North Coast,2026-09-01 00:00:00,2026-09-01 07:00:00,2026-09-03 18:00:00,amber,fog,expired,28,26,181977
ALT068,STN476,Central Valley,2026-09-01 12:00:00,2026-09-01 20:00:00,2026-09-02 12:00:00,red,heat,cancelled,39,29,191708
ALT069,STN483,Highlands,2026-09-02 00:00:00,2026-09-02 09:00:00,2026-09-03 06:00:00,yellow,thunderstorm,issued,50,0,201439
ALT070,STN490,East Plains,2026-09-02 12:00:00,2026-09-02 22:00:00,2026-09-04 00:00:00,amber,wind,expired,61,0,211170
ALT071,STN497,South Coast,2026-09-03 00:00:00,2026-09-03 11:00:00,2026-09-04 18:00:00,red,snow,cancelled,72,3,220901
ALT072,STN504,Western Hills,2026-09-03 12:00:00,2026-09-03 15:00:00,2026-09-05 03:00:00,yellow,rain,issued,83,0,230632
ALT073,STN511,North Coast,2026-09-04 00:00:00,2026-09-04 04:00:00,2026-09-05 21:00:00,amber,ice,expired,94,9,240363
ALT074,STN518,Central Valley,2026-09-04 12:00:00,2026-09-04 17:00:00,2026-09-06 15:00:00,red,fog,cancelled,24,12,250094
ALT075,STN525,Highlands,2026-09-05 00:00:00,2026-09-05 06:00:00,2026-09-07 09:00:00,yellow,heat,issued,35,0,259825
ALT076,STN532,East Plains,2026-09-05 12:00:00,2026-09-05 19:00:00,2026-09-08 03:00:00,amber,thunderstorm,expired,46,18,269556
ALT077,STN539,South Coast,2026-09-06 00:00:00,2026-09-06 08:00:00,2026-09-06 21:00:00,red,wind,cancelled,57,21,279287
ALT078,STN546,Western Hills,2026-09-06 12:00:00,2026-09-06 21:00:00,2026-09-07 15:00:00,yellow,snow,issued,68,0,289018
ALT079,STN553,North Coast,2026-09-07 00:00:00,2026-09-07 10:00:00,2026-09-08 09:00:00,amber,rain,expired,79,27,298749
ALT080,STN560,Central Valley,2026-09-07 12:00:00,2026-09-07 23:00:00,2026-09-09 03:00:00,red,ice,cancelled,90,30,308480
ALT081,STN567,Highlands,2026-09-08 00:00:00,2026-09-08 03:00:00,2026-09-09 12:00:00,yellow,fog,issued,20,0,318211
ALT082,STN574,East Plains,2026-09-08 12:00:00,2026-09-08 16:00:00,2026-09-10 06:00:00,amber,heat,expired,31,1,327942
ALT083,STN581,South Coast,2026-09-09 00:00:00,2026-09-09 05:00:00,2026-09-11 00:00:00,red,thunderstorm,cancelled,42,4,337673
ALT084,STN588,Western Hills,2026-09-09 12:00:00,2026-09-09 18:00:00,2026-09-11 18:00:00,yellow,wind,issued,53,0,347404
ALT085,STN595,North Coast,2026-09-10 00:00:00,2026-09-10 07:00:00,2026-09-12 12:00:00,amber,snow,expired,64,10,357135
ALT086,STN602,Central Valley,2026-09-10 12:00:00,2026-09-10 20:00:00,2026-09-13 06:00:00,red,rain,cancelled,75,13,366866
ALT087,STN609,Highlands,2026-09-11 00:00:00,2026-09-11 09:00:00,2026-09-12 00:00:00,yellow,ice,issued,86,0,376597
ALT088,STN616,East Plains,2026-09-11 12:00:00,2026-09-11 22:00:00,2026-09-12 18:00:00,amber,fog,expired,97,19,386328
ALT089,STN623,South Coast,2026-09-12 00:00:00,2026-09-12 11:00:00,2026-09-13 12:00:00,red,heat,cancelled,27,22,396059
ALT090,STN630,Western Hills,2026-09-12 12:00:00,2026-09-12 15:00:00,2026-09-13 21:00:00,yellow,thunderstorm,issued,38,0,405790
ALT091,STN637,North Coast,2026-09-13 00:00:00,2026-09-13 04:00:00,2026-09-14 15:00:00,amber,wind,expired,49,28,415521
ALT092,STN644,Central Valley,2026-09-13 12:00:00,2026-09-13 17:00:00,2026-09-15 09:00:00,red,snow,cancelled,60,31,425252
ALT093,STN651,Highlands,2026-09-14 00:00:00,2026-09-14 06:00:00,2026-09-16 03:00:00,yellow,rain,issued,71,0,434983
ALT094,STN658,East Plains,2026-09-14 12:00:00,2026-09-14 19:00:00,2026-09-16 21:00:00,amber,ice,expired,82,2,444714
ALT095,STN665,South Coast,2026-09-15 00:00:00,2026-09-15 08:00:00,2026-09-17 15:00:00,red,fog,cancelled,93,5,454445
ALT096,STN672,Western Hills,2026-09-15 12:00:00,2026-09-15 21:00:00,2026-09-16 09:00:00,yellow,heat,issued,23,0,464176
ALT097,STN679,North Coast,2026-09-16 00:00:00,2026-09-16 10:00:00,2026-09-17 03:00:00,amber,thunderstorm,expired,34,11,473907
ALT098,STN686,Central Valley,2026-09-16 12:00:00,2026-09-16 23:00:00,2026-09-17 21:00:00,red,wind,cancelled,45,14,483638
ALT099,STN693,Highlands,2026-09-17 00:00:00,2026-09-17 03:00:00,2026-09-18 06:00:00,yellow,snow,issued,56,0,493369
ALT100,STN700,East Plains,2026-09-17 12:00:00,2026-09-17 16:00:00,2026-09-19 00:00:00,amber,rain,expired,67,20,18100
ALT101,STN707,South Coast,2026-09-18 00:00:00,2026-09-18 05:00:00,2026-09-19 18:00:00,red,ice,cancelled,78,23,27831
ALT102,STN714,Western Hills,2026-09-18 12:00:00,2026-09-18 18:00:00,2026-09-20 12:00:00,yellow,fog,issued,89,0,37562
ALT103,STN721,North Coast,2026-09-19 00:00:00,2026-09-19 07:00:00,2026-09-21 06:00:00,amber,heat,expired,100,29,47293
ALT104,STN728,Central Valley,2026-09-19 12:00:00,2026-09-19 20:00:00,2026-09-22 00:00:00,red,thunderstorm,cancelled,30,32,57024
ALT105,STN735,Highlands,2026-09-20 00:00:00,2026-09-20 09:00:00,2026-09-22 18:00:00,yellow,wind,issued,41,0,66755
ALT106,STN742,East Plains,2026-09-20 12:00:00,2026-09-20 22:00:00,2026-09-21 12:00:00,amber,snow,expired,52,3,76486
ALT107,STN749,South Coast,2026-09-21 00:00:00,2026-09-21 11:00:00,2026-09-22 06:00:00,red,rain,cancelled,63,6,86217
ALT108,STN756,Western Hills,2026-09-21 12:00:00,2026-09-21 15:00:00,2026-09-22 15:00:00,yellow,ice,issued,74,0,95948
ALT109,STN763,North Coast,2026-09-22 00:00:00,2026-09-22 04:00:00,2026-09-23 09:00:00,amber,fog,expired,85,12,105679
ALT110,STN770,Central Valley,2026-09-22 12:00:00,2026-09-22 17:00:00,2026-09-24 03:00:00,red,heat,cancelled,96,15,115410
ALT111,STN777,Highlands,2026-09-23 00:00:00,2026-09-23 06:00:00,2026-09-24 21:00:00,yellow,thunderstorm,issued,26,0,125141
ALT112,STN784,East Plains,2026-09-23 12:00:00,2026-09-23 19:00:00,2026-09-25 15:00:00,amber,wind,expired,37,21,134872
ALT113,STN791,South Coast,2026-09-24 00:00:00,2026-09-24 08:00:00,2026-09-26 09:00:00,red,snow,cancelled,48,24,144603
ALT114,STN798,Western Hills,2026-09-24 12:00:00,2026-09-24 21:00:00,2026-09-27 03:00:00,yellow,rain,issued,59,0,154334
ALT115,STN805,North Coast,2026-09-25 00:00:00,2026-09-25 10:00:00,2026-09-27 21:00:00,amber,ice,expired,70,30,164065
ALT116,STN812,Central Valley,2026-09-25 12:00:00,2026-09-25 23:00:00,2026-09-26 15:00:00,red,fog,cancelled,81,33,173796
ALT117,STN819,Highlands,2026-09-26 00:00:00,2026-09-26 03:00:00,2026-09-27 00:00:00,yellow,heat,issued,92,0,183527
ALT118,STN826,East Plains,2026-09-26 12:00:00,2026-09-26 16:00:00,2026-09-27 18:00:00,amber,thunderstorm,expired,22,4,193258
ALT119,STN833,South Coast,2026-09-27 00:00:00,2026-09-27 05:00:00,2026-09-28 12:00:00,red,wind,cancelled,33,7,202989
ALT120,STN840,Western Hills,2026-09-27 12:00:00,2026-09-27 18:00:00,2026-09-29 06:00:00,yellow,snow,issued,44,0,212720
ALT121,STN847,North Coast,2026-09-28 00:00:00,2026-09-28 07:00:00,2026-09-30 00:00:00,amber,rain,expired,55,13,222451
ALT122,STN854,Central Valley,2026-09-28 12:00:00,2026-09-28 20:00:00,2026-09-30 18:00:00,red,ice,cancelled,66,16,232182
ALT123,STN861,Highlands,2026-09-29 00:00:00,2026-09-29 09:00:00,2026-10-01 12:00:00,yellow,fog,issued,77,0,241913
ALT124,STN868,East Plains,2026-09-29 12:00:00,2026-09-29 22:00:00,2026-10-02 06:00:00,amber,heat,expired,88,22,251644
ALT125,STN875,South Coast,2026-09-30 00:00:00,2026-09-30 11:00:00,2026-10-01 00:00:00,red,thunderstorm,cancelled,99,25,261375
ALT126,STN882,Western Hills,2026-09-30 12:00:00,2026-09-30 15:00:00,2026-10-01 09:00:00,yellow,wind,issued,29,0,271106
ALT127,STN889,North Coast,2026-10-01 00:00:00,2026-10-01 04:00:00,2026-10-02 03:00:00,amber,snow,expired,40,31,280837
ALT128,STN896,Central Valley,2026-10-01 12:00:00,2026-10-01 17:00:00,2026-10-02 21:00:00,red,rain,cancelled,51,34,290568
ALT129,STN903,Highlands,2026-10-02 00:00:00,2026-10-02 06:00:00,2026-10-03 15:00:00,yellow,ice,issued,62,0,300299
ALT130,STN910,East Plains,2026-10-02 12:00:00,2026-10-02 19:00:00,2026-10-04 09:00:00,amber,fog,expired,73,5,310030
ALT131,STN917,South Coast,2026-10-03 00:00:00,2026-10-03 08:00:00,2026-10-05 03:00:00,red,heat,cancelled,84,8,319761
ALT132,STN924,Western Hills,2026-10-03 12:00:00,2026-10-03 21:00:00,2026-10-05 21:00:00,yellow,thunderstorm,issued,95,0,329492
ALT133,STN931,North Coast,2026-10-04 00:00:00,2026-10-04 10:00:00,2026-10-06 15:00:00,amber,wind,expired,25,14,339223
ALT134,STN938,Central Valley,2026-10-04 12:00:00,2026-10-04 23:00:00,2026-10-07 09:00:00,red,snow,cancelled,36,17,348954
ALT135,STN945,Highlands,2026-10-05 00:00:00,2026-10-05 03:00:00,2026-10-05 18:00:00,yellow,rain,issued,47,0,358685
ALT136,STN952,East Plains,2026-10-05 12:00:00,2026-10-05 16:00:00,2026-10-06 12:00:00,amber,ice,expired,58,23,368416
ALT137,STN959,South Coast,2026-10-06 00:00:00,2026-10-06 05:00:00,2026-10-07 06:00:00,red,fog,cancelled,69,26,378147
ALT138,STN966,Western Hills,2026-10-06 12:00:00,2026-10-06 18:00:00,2026-10-08 00:00:00,yellow,heat,issued,80,0,387878
ALT139,STN973,North Coast,2026-10-07 00:00:00,2026-10-07 07:00:00,2026-10-08 18:00:00,amber,thunderstorm,expired,91,32,397609
ALT140,STN980,Central Valley,2026-10-07 12:00:00,2026-10-07 20:00:00,2026-10-09 12:00:00,red,wind,cancelled,21,0,407340
ALT141,STN987,Highlands,2026-10-08 00:00:00,2026-10-08 09:00:00,2026-10-10 06:00:00,yellow,snow,issued,32,0,417071
ALT142,STN994,East Plains,2026-10-08 12:00:00,2026-10-08 22:00:00,2026-10-11 00:00:00,amber,rain,expired,43,6,426802
ALT143,STN001,North Coast,2026-10-09 00:00:00,2026-10-09 11:00:00,2026-10-11 18:00:00,red,ice,cancelled,54,9,436533
ALT144,STN008,Central Valley,2026-10-09 12:00:00,2026-10-09 15:00:00,2026-10-10 03:00:00,yellow,fog,issued,65,0,446264
ALT145,STN015,Highlands,2026-10-10 00:00:00,2026-10-10 04:00:00,2026-10-10 21:00:00,amber,heat,expired,76,15,455995
ALT146,STN022,East Plains,2026-10-10 12:00:00,2026-10-10 17:00:00,2026-10-11 15:00:00,red,thunderstorm,cancelled,87,18,465726
ALT147,STN029,South Coast,2026-10-11 00:00:00,2026-10-11 06:00:00,2026-10-12 09:00:00,yellow,wind,issued,98,0,475457
ALT148,STN036,Western Hills,2026-10-11 12:00:00,2026-10-11 19:00:00,2026-10-13 03:00:00,amber,snow,expired,28,24,485188
ALT149,STN043,North Coast,2026-10-12 00:00:00,2026-10-12 08:00:00,2026-10-13 21:00:00,red,rain,cancelled,39,27,494919
ALT150,STN050,Central Valley,2026-10-12 12:00:00,2026-10-12 21:00:00,2026-10-14 15:00:00,yellow,ice,issued,50,0,19650
ALT151,STN057,Highlands,2026-10-13 00:00:00,2026-10-13 10:00:00,2026-10-15 09:00:00,amber,fog,expired,61,33,29381
ALT152,STN064,East Plains,2026-10-13 12:00:00,2026-10-13 23:00:00,2026-10-16 03:00:00,red,heat,cancelled,72,1,39112
ALT153,STN071,South Coast,2026-10-14 00:00:00,2026-10-14 03:00:00,2026-10-16 12:00:00,yellow,thunderstorm,issued,83,0,48843
ALT154,STN078,Western Hills,2026-10-14 12:00:00,2026-10-14 16:00:00,2026-10-15 06:00:00,amber,wind,expired,94,7,58574
ALT155,STN085,North Coast,2026-10-15 00:00:00,2026-10-15 05:00:00,2026-10-16 00:00:00,red,snow,cancelled,24,10,68305
ALT156,STN092,Central Valley,2026-10-15 12:00:00,2026-10-15 18:00:00,2026-10-16 18:00:00,yellow,rain,issued,35,0,78036
ALT157,STN099,Highlands,2026-10-16 00:00:00,2026-10-16 07:00:00,2026-10-17 12:00:00,amber,ice,expired,46,16,87767
ALT158,STN106,East Plains,2026-10-16 12:00:00,2026-10-16 20:00:00,2026-10-18 06:00:00,red,fog,cancelled,57,19,97498
ALT159,STN113,South Coast,2026-10-17 00:00:00,2026-10-17 09:00:00,2026-10-19 00:00:00,yellow,heat,issued,68,0,107229
ALT160,STN120,Western Hills,2026-10-17 12:00:00,2026-10-17 22:00:00,2026-10-19 18:00:00,amber,thunderstorm,expired,79,25,116960
ALT161,STN127,North Coast,2026-10-18 00:00:00,2026-10-18 11:00:00,2026-10-20 12:00:00,red,wind,cancelled,90,28,126691
ALT162,STN134,Central Valley,2026-10-18 12:00:00,2026-10-18 15:00:00,2026-10-20 21:00:00,yellow,snow,issued,20,0,136422
ALT163,STN141,Highlands,2026-10-19 00:00:00,2026-10-19 04:00:00,2026-10-21 15:00:00,amber,rain,expired,31,34,146153
ALT164,STN148,East Plains,2026-10-19 12:00:00,2026-10-19 17:00:00,2026-10-20 09:00:00,red,ice,cancelled,42,2,155884
ALT165,STN155,South Coast,2026-10-20 00:00:00,2026-10-20 06:00:00,2026-10-21 03:00:00,yellow,fog,issued,53,0,165615
ALT166,STN162,Western Hills,2026-10-20 12:00:00,2026-10-20 19:00:00,2026-10-21 21:00:00,amber,heat,expired,64,8,175346
ALT167,STN169,North Coast,2026-10-21 00:00:00,2026-10-21 08:00:00,2026-10-22 15:00:00,red,thunderstorm,cancelled,75,11,185077
ALT168,STN176,Central Valley,2026-10-21 12:00:00,2026-10-21 21:00:00,2026-10-23 09:00:00,yellow,wind,issued,86,0,194808
ALT169,STN183,Highlands,2026-10-22 00:00:00,2026-10-22 10:00:00,2026-10-24 03:00:00,amber,snow,expired,97,17,204539
ALT170,STN190,East Plains,2026-10-22 12:00:00,2026-10-22 23:00:00,2026-10-24 21:00:00,red,rain,cancelled,27,20,214270
ALT171,STN197,South Coast,2026-10-23 00:00:00,2026-10-23 03:00:00,2026-10-25 06:00:00,yellow,ice,issued,38,0,224001
ALT172,STN204,Western Hills,2026-10-23 12:00:00,2026-10-23 16:00:00,2026-10-26 00:00:00,amber,fog,expired,49,26,233732
ALT173,STN211,North Coast,2026-10-24 00:00:00,2026-10-24 05:00:00,2026-10-24 18:00:00,red,heat,cancelled,60,29,243463
ALT174,STN218,Central Valley,2026-10-24 12:00:00,2026-10-24 18:00:00,2026-10-25 12:00:00,yellow,thunderstorm,issued,71,0,253194
ALT175,STN225,Highlands,2026-10-25 00:00:00,2026-10-25 07:00:00,2026-10-26 06:00:00,amber,wind,expired,82,0,262925
ALT176,STN232,East Plains,2026-10-25 12:00:00,2026-10-25 20:00:00,2026-10-27 00:00:00,red,snow,cancelled,93,3,272656
ALT177,STN239,South Coast,2026-10-26 00:00:00,2026-10-26 09:00:00,2026-10-27 18:00:00,yellow,rain,issued,23,0,282387
ALT178,STN246,Western Hills,2026-10-26 12:00:00,2026-10-26 22:00:00,2026-10-28 12:00:00,amber,ice,expired,34,9,292118
ALT179,STN253,North Coast,2026-10-27 00:00:00,2026-10-27 11:00:00,2026-10-29 06:00:00,red,fog,cancelled,45,12,301849
ALT180,STN260,Central Valley,2026-10-27 12:00:00,2026-10-27 15:00:00,2026-10-29 15:00:00,yellow,heat,issued,56,0,311580
ALT181,STN267,Highlands,2026-10-28 00:00:00,2026-10-28 04:00:00,2026-10-30 09:00:00,amber,thunderstorm,expired,67,18,321311
ALT182,STN274,East Plains,2026-10-28 12:00:00,2026-10-28 17:00:00,2026-10-31 03:00:00,red,wind,cancelled,78,21,331042
ALT183,STN281,South Coast,2026-10-29 00:00:00,2026-10-29 06:00:00,2026-10-29 21:00:00,yellow,snow,issued,89,0,340773
ALT184,STN288,Western Hills,2026-10-29 12:00:00,2026-10-29 19:00:00,2026-10-30 15:00:00,amber,rain,expired,100,27,350504
ALT185,STN295,North Coast,2026-10-30 00:00:00,2026-10-30 08:00:00,2026-10-31 09:00:00,red,ice,cancelled,30,30,360235
ALT186,STN302,Central Valley,2026-10-30 12:00:00,2026-10-30 21:00:00,2026-11-01 03:00:00,yellow,fog,issued,41,0,369966
ALT187,STN309,Highlands,2026-10-31 00:00:00,2026-10-31 10:00:00,2026-11-01 21:00:00,amber,heat,expired,52,1,379697
ALT188,STN316,East Plains,2026-10-31 12:00:00,2026-10-31 23:00:00,2026-11-02 15:00:00,red,thunderstorm,cancelled,63,4,389428
ALT189,STN323,South Coast,2026-11-01 00:00:00,2026-11-01 03:00:00,2026-11-03 00:00:00,yellow,wind,issued,74,0,399159
ALT190,STN330,Western Hills,2026-11-01 12:00:00,2026-11-01 16:00:00,2026-11-03 18:00:00,amber,snow,expired,85,10,408890
ALT191,STN337,North Coast,2026-11-02 00:00:00,2026-11-02 05:00:00,2026-11-04 12:00:00,red,rain,cancelled,96,13,418621
ALT192,STN344,Central Valley,2026-11-02 12:00:00,2026-11-02 18:00:00,2026-11-03 06:00:00,yellow,ice,issued,26,0,428352
ALT193,STN351,Highlands,2026-11-03 00:00:00,2026-11-03 07:00:00,2026-11-04 00:00:00,amber,fog,expired,37,19,438083
ALT194,STN358,East Plains,2026-11-03 12:00:00,2026-11-03 20:00:00,2026-11-04 18:00:00,red,heat,cancelled,48,22,447814
ALT195,STN365,South Coast,2026-11-04 00:00:00,2026-11-04 09:00:00,2026-11-05 12:00:00,yellow,thunderstorm,issued,59,0,457545
ALT196,STN372,Western Hills,2026-11-04 12:00:00,2026-11-04 22:00:00,2026-11-06 06:00:00,amber,wind,expired,70,28,467276
ALT197,STN379,North Coast,2026-11-05 00:00:00,2026-11-05 11:00:00,2026-11-07 00:00:00,red,snow,cancelled,81,31,477007
ALT198,STN386,Central Valley,2026-11-05 12:00:00,2026-11-05 15:00:00,2026-11-07 09:00:00,yellow,rain,issued,92,0,486738
ALT199,STN393,Highlands,2026-11-06 00:00:00,2026-11-06 04:00:00,2026-11-08 03:00:00,amber,ice,expired,22,2,496469
ALT200,STN400,East Plains,2026-11-06 12:00:00,2026-11-06 17:00:00,2026-11-08 21:00:00,red,fog,cancelled,33,5,21200
ALT201,STN407,South Coast,2026-11-07 00:00:00,2026-11-07 06:00:00,2026-11-09 15:00:00,yellow,heat,issued,44,0,30931
ALT202,STN414,Western Hills,2026-11-07 12:00:00,2026-11-07 19:00:00,2026-11-08 09:00:00,amber,thunderstorm,expired,55,11,40662
ALT203,STN421,North Coast,2026-11-08 00:00:00,2026-11-08 08:00:00,2026-11-09 03:00:00,red,wind,cancelled,66,14,50393
ALT204,STN428,Central Valley,2026-11-08 12:00:00,2026-11-08 21:00:00,2026-11-09 21:00:00,yellow,snow,issued,77,0,60124
ALT205,STN435,Highlands,2026-11-09 00:00:00,2026-11-09 10:00:00,2026-11-10 15:00:00,amber,rain,expired,88,20,69855
ALT206,STN442,East Plains,2026-11-09 12:00:00,2026-11-09 23:00:00,2026-11-11 09:00:00,red,ice,cancelled,99,23,79586
ALT207,STN449,South Coast,2026-11-10 00:00:00,2026-11-10 03:00:00,2026-11-11 18:00:00,yellow,fog,issued,29,0,89317
ALT208,STN456,Western Hills,2026-11-10 12:00:00,2026-11-10 16:00:00,2026-11-12 12:00:00,amber,heat,expired,40,29,99048
ALT209,STN463,North Coast,2026-11-11 00:00:00,2026-11-11 05:00:00,2026-11-13 06:00:00,red,thunderstorm,cancelled,51,32,108779
ALT210,STN470,Central Valley,2026-11-11 12:00:00,2026-11-11 18:00:00,2026-11-14 00:00:00,yellow,wind,issued,62,0,118510
ALT211,STN477,Highlands,2026-11-12 00:00:00,2026-11-12 07:00:00,2026-11-14 18:00:00,amber,snow,expired,73,3,128241
ALT212,STN484,East Plains,2026-11-12 12:00:00,2026-11-12 20:00:00,2026-11-13 12:00:00,red,rain,cancelled,84,6,137972
ALT213,STN491,South Coast,2026-11-13 00:00:00,2026-11-13 09:00:00,2026-11-14 06:00:00,yellow,ice,issued,95,0,147703
ALT214,STN498,Western Hills,2026-11-13 12:00:00,2026-11-13 22:00:00,2026-11-15 00:00:00,amber,fog,expired,25,12,157434
ALT215,STN505,North Coast,2026-11-14 00:00:00,2026-11-14 11:00:00,2026-11-15 18:00:00,red,heat,cancelled,36,15,167165
ALT216,STN512,Central Valley,2026-11-14 12:00:00,2026-11-14 15:00:00,2026-11-16 03:00:00,yellow,thunderstorm,issued,47,0,176896
ALT217,STN519,Highlands,2026-11-15 00:00:00,2026-11-15 04:00:00,2026-11-16 21:00:00,amber,wind,expired,58,21,186627
ALT218,STN526,East Plains,2026-11-15 12:00:00,2026-11-15 17:00:00,2026-11-17 15:00:00,red,snow,cancelled,69,24,196358
ALT219,STN533,South Coast,2026-11-16 00:00:00,2026-11-16 06:00:00,2026-11-18 09:00:00,yellow,rain,issued,80,0,206089
ALT220,STN540,Western Hills,2026-11-16 12:00:00,2026-11-16 19:00:00,2026-11-19 03:00:00,amber,ice,expired,91,30,215820
ALT221,STN547,North Coast,2026-11-17 00:00:00,2026-11-17 08:00:00,2026-11-17 21:00:00,red,fog,cancelled,21,33,225551
ALT222,STN554,Central Valley,2026-11-17 12:00:00,2026-11-17 21:00:00,2026-11-18 15:00:00,yellow,heat,issued,32,0,235282
ALT223,STN561,Highlands,2026-11-18 00:00:00,2026-11-18 10:00:00,2026-11-19 09:00:00,amber,thunderstorm,expired,43,4,245013
ALT224,STN568,East Plains,2026-11-18 12:00:00,2026-11-18 23:00:00,2026-11-20 03:00:00,red,wind,cancelled,54,7,254744
ALT225,STN575,South Coast,2026-11-19 00:00:00,2026-11-19 03:00:00,2026-11-20 12:00:00,yellow,snow,issued,65,0,264475
ALT226,STN582,Western Hills,2026-11-19 12:00:00,2026-11-19 16:00:00,2026-11-21 06:00:00,amber,rain,expired,76,13,274206
ALT227,STN589,North Coast,2026-11-20 00:00:00,2026-11-20 05:00:00,2026-11-22 00:00:00,red,ice,cancelled,87,16,283937
ALT228,STN596,Central Valley,2026-11-20 12:00:00,2026-11-20 18:00:00,2026-11-22 18:00:00,yellow,fog,issued,98,0,293668
ALT229,STN603,Highlands,2026-11-21 00:00:00,2026-11-21 07:00:00,2026-11-23 12:00:00,amber,heat,expired,28,22,303399
ALT230,STN610,East Plains,2026-11-21 12:00:00,2026-11-21 20:00:00,2026-11-24 06:00:00,red,thunderstorm,cancelled,39,25,313130
ALT231,STN617,South Coast,2026-11-22 00:00:00,2026-11-22 09:00:00,2026-11-23 00:00:00,yellow,wind,issued,50,0,322861
ALT232,STN624,Western Hills,2026-11-22 12:00:00,2026-11-22 22:00:00,2026-11-23 18:00:00,amber,snow,expired,61,31,332592
ALT233,STN631,North Coast,2026-11-23 00:00:00,2026-11-23 11:00:00,2026-11-24 12:00:00,red,rain,cancelled,72,34,342323
ALT234,STN638,Central Valley,2026-11-23 12:00:00,2026-11-23 15:00:00,2026-11-24 21:00:00,yellow,ice,issued,83,0,352054
ALT235,STN645,Highlands,2026-11-24 00:00:00,2026-11-24 04:00:00,2026-11-25 15:00:00,amber,fog,expired,94,5,361785
ALT236,STN652,East Plains,2026-11-24 12:00:00,2026-11-24 17:00:00,2026-11-26 09:00:00,red,heat,cancelled,24,8,371516
ALT237,STN659,South Coast,2026-11-25 00:00:00,2026-11-25 06:00:00,2026-11-27 03:00:00,yellow,thunderstorm,issued,35,0,381247
ALT238,STN666,Western Hills,2026-11-25 12:00:00,2026-11-25 19:00:00,2026-11-27 21:00:00,amber,wind,expired,46,14,390978
ALT239,STN673,North Coast,2026-11-26 00:00:00,2026-11-26 08:00:00,2026-11-28 15:00:00,red,snow,cancelled,57,17,400709
ALT240,STN680,Central Valley,2026-11-26 12:00:00,2026-11-26 21:00:00,2026-11-27 09:00:00,yellow,rain,issued,68,0,410440
ALT241,STN687,Highlands,2026-11-27 00:00:00,2026-11-27 10:00:00,2026-11-28 03:00:00,amber,ice,expired,79,23,420171
ALT242,STN694,East Plains,2026-11-27 12:00:00,2026-11-27 23:00:00,2026-11-28 21:00:00,red,fog,cancelled,90,26,429902
ALT243,STN701,South Coast,2026-11-28 00:00:00,2026-11-28 03:00:00,2026-11-29 06:00:00,yellow,heat,issued,20,0,439633
ALT244,STN708,Western Hills,2026-11-28 12:00:00,2026-11-28 16:00:00,2026-11-30 00:00:00,amber,thunderstorm,expired,31,32,449364
ALT245,STN715,North Coast,2026-11-29 00:00:00,2026-11-29 05:00:00,2026-11-30 18:00:00,red,wind,cancelled,42,0,459095
ALT246,STN722,Central Valley,2026-11-29 12:00:00,2026-11-29 18:00:00,2026-12-01 12:00:00,yellow,snow,issued,53,0,468826
ALT247,STN729,Highlands,2026-11-30 00:00:00,2026-11-30 07:00:00,2026-12-02 06:00:00,amber,rain,expired,64,6,478557
ALT248,STN736,East Plains,2026-11-30 12:00:00,2026-11-30 20:00:00,2026-12-03 00:00:00,red,ice,cancelled,75,9,488288
ALT249,STN743,South Coast,2026-12-01 00:00:00,2026-12-01 09:00:00,2026-12-03 18:00:00,yellow,fog,issued,86,0,498019
ALT250,STN750,Western Hills,2026-12-01 12:00:00,2026-12-01 22:00:00,2026-12-02 12:00:00,amber,heat,expired,97,15,22750
ALT251,STN757,North Coast,2026-12-02 00:00:00,2026-12-02 11:00:00,2026-12-03 06:00:00,red,thunderstorm,cancelled,27,18,32481
ALT252,STN764,Central Valley,2026-12-02 12:00:00,2026-12-02 15:00:00,2026-12-03 15:00:00,yellow,wind,issued,38,0,42212
ALT253,STN771,Highlands,2026-12-03 00:00:00,2026-12-03 04:00:00,2026-12-04 09:00:00,amber,snow,expired,49,24,51943
ALT254,STN778,East Plains,2026-12-03 12:00:00,2026-12-03 17:00:00,2026-12-05 03:00:00,red,rain,cancelled,60,27,61674
ALT255,STN785,South Coast,2026-12-04 00:00:00,2026-12-04 06:00:00,2026-12-05 21:00:00,yellow,ice,issued,71,0,71405
ALT256,STN792,Western Hills,2026-12-04 12:00:00,2026-12-04 19:00:00,2026-12-06 15:00:00,amber,fog,expired,82,33,81136
ALT257,STN799,North Coast,2026-12-05 00:00:00,2026-12-05 08:00:00,2026-12-07 09:00:00,red,heat,cancelled,93,1,90867
ALT258,STN806,Central Valley,2026-12-05 12:00:00,2026-12-05 21:00:00,2026-12-08 03:00:00,yellow,thunderstorm,issued,23,0,100598
ALT259,STN813,Highlands,2026-12-06 00:00:00,2026-12-06 10:00:00,2026-12-08 21:00:00,amber,wind,expired,34,7,110329
ALT260,STN820,East Plains,2026-12-06 12:00:00,2026-12-06 23:00:00,2026-12-07 15:00:00,red,snow,cancelled,45,10,120060
ALT261,STN827,South Coast,2026-12-07 00:00:00,2026-12-07 03:00:00,2026-12-08 00:00:00,yellow,rain,issued,56,0,129791
ALT262,STN834,Western Hills,2026-12-07 12:00:00,2026-12-07 16:00:00,2026-12-08 18:00:00,amber,ice,expired,67,16,139522
ALT263,STN841,North Coast,2026-12-08 00:00:00,2026-12-08 05:00:00,2026-12-09 12:00:00,red,fog,cancelled,78,19,149253
ALT264,STN848,Central Valley,2026-12-08 12:00:00,2026-12-08 18:00:00,2026-12-10 06:00:00,yellow,heat,issued,89,0,158984
ALT265,STN855,Highlands,2026-12-09 00:00:00,2026-12-09 07:00:00,2026-12-11 00:00:00,amber,thunderstorm,expired,100,25,168715
ALT266,STN862,East Plains,2026-12-09 12:00:00,2026-12-09 20:00:00,2026-12-11 18:00:00,red,wind,cancelled,30,28,178446
ALT267,STN869,South Coast,2026-12-10 00:00:00,2026-12-10 09:00:00,2026-12-12 12:00:00,yellow,snow,issued,41,0,188177
ALT268,STN876,Western Hills,2026-12-10 12:00:00,2026-12-10 22:00:00,2026-12-13 06:00:00,amber,rain,expired,52,34,197908
ALT269,STN883,North Coast,2026-12-11 00:00:00,2026-12-11 11:00:00,2026-12-12 00:00:00,red,ice,cancelled,63,2,207639
ALT270,STN890,Central Valley,2026-12-11 12:00:00,2026-12-11 15:00:00,2026-12-12 09:00:00,yellow,fog,issued,74,0,217370
ALT271,STN897,Highlands,2026-12-12 00:00:00,2026-12-12 04:00:00,2026-12-13 03:00:00,amber,heat,expired,85,8,227101
ALT272,STN904,East Plains,2026-12-12 12:00:00,2026-12-12 17:00:00,2026-12-13 21:00:00,red,thunderstorm,cancelled,96,11,236832
ALT273,STN911,South Coast,2026-12-13 00:00:00,2026-12-13 06:00:00,2026-12-14 15:00:00,yellow,wind,issued,26,0,246563
ALT274,STN918,Western Hills,2026-12-13 12:00:00,2026-12-13 19:00:00,2026-12-15 09:00:00,amber,snow,expired,37,17,256294
ALT275,STN925,North Coast,2026-12-14 00:00:00,2026-12-14 08:00:00,2026-12-16 03:00:00,red,rain,cancelled,48,20,266025
ALT276,STN932,Central Valley,2026-12-14 12:00:00,2026-12-14 21:00:00,2026-12-16 21:00:00,yellow,ice,issued,59,0,275756
ALT277,STN939,Highlands,2026-12-15 00:00:00,2026-12-15 10:00:00,2026-12-17 15:00:00,amber,fog,expired,70,26,285487
ALT278,STN946,East Plains,2026-12-15 12:00:00,2026-12-15 23:00:00,2026-12-18 09:00:00,red,heat,cancelled,81,29,295218
ALT279,STN953,South Coast,2026-12-16 00:00:00,2026-12-16 03:00:00,2026-12-16 18:00:00,yellow,thunderstorm,issued,92,0,304949
ALT280,STN960,Western Hills,2026-12-16 12:00:00,2026-12-16 16:00:00,2026-12-17 12:00:00,amber,wind,expired,22,0,314680
ALT281,STN967,North Coast,2026-12-17 00:00:00,2026-12-17 05:00:00,2026-12-18 06:00:00,red,snow,cancelled,33,3,324411
ALT282,STN974,Central Valley,2026-12-17 12:00:00,2026-12-17 18:00:00,2026-12-19 00:00:00,yellow,rain,issued,44,0,334142
ALT283,STN981,Highlands,2026-12-18 00:00:00,2026-12-18 07:00:00,2026-12-19 18:00:00,amber,ice,expired,55,9,343873
ALT284,STN988,East Plains,2026-12-18 12:00:00,2026-12-18 20:00:00,2026-12-20 12:00:00,red,fog,cancelled,66,12,353604
ALT285,STN995,South Coast,2026-12-19 00:00:00,2026-12-19 09:00:00,2026-12-21 06:00:00,yellow,heat,issued,77,0,363335
ALT286,STN002,Central Valley,2026-12-19 12:00:00,2026-12-19 22:00:00,2026-12-22 00:00:00,amber,thunderstorm,expired,88,18,373066
ALT287,STN009,East Plains,2026-12-20 00:00:00,2026-12-20 11:00:00,2026-12-22 18:00:00,red,wind,cancelled,99,21,382797
ALT288,STN016,East Plains,2026-12-20 12:00:00,2026-12-20 15:00:00,2026-12-21 03:00:00,yellow,snow,issued,29,0,392528
ALT289,STN023,South Coast,2026-12-21 00:00:00,2026-12-21 04:00:00,2026-12-21 21:00:00,amber,rain,expired,40,27,402259
ALT290,STN030,Western Hills,2026-12-21 12:00:00,2026-12-21 17:00:00,2026-12-22 15:00:00,red,ice,cancelled,51,30,411990
ALT291,STN037,North Coast,2026-12-22 00:00:00,2026-12-22 06:00:00,2026-12-23 09:00:00,yellow,fog,issued,62,0,421721
ALT292,STN044,Central Valley,2026-12-22 12:00:00,2026-12-22 19:00:00,2026-12-24 03:00:00,amber,heat,expired,73,1,431452
ALT293,STN051,Highlands,2026-12-23 00:00:00,2026-12-23 08:00:00,2026-12-24 21:00:00,red,thunderstorm,cancelled,84,4,441183
ALT294,STN058,East Plains,2026-12-23 12:00:00,2026-12-23 21:00:00,2026-12-25 15:00:00,yellow,wind,issued,95,0,450914
ALT295,STN065,South Coast,2026-12-24 00:00:00,2026-12-24 10:00:00,2026-12-26 09:00:00,amber,snow,expired,25,10,460645
ALT296,STN072,Western Hills,2026-12-24 12:00:00,2026-12-24 23:00:00,2026-12-27 03:00:00,red,rain,cancelled,36,13,470376
ALT297,STN079,North Coast,2026-12-25 00:00:00,2026-12-25 03:00:00,2026-12-27 12:00:00,yellow,ice,issued,47,0,480107
ALT298,STN086,Central Valley,2026-12-25 12:00:00,2026-12-25 16:00:00,2026-12-26 06:00:00,amber,fog,expired,58,19,489838
ALT299,STN093,Highlands,2026-12-26 00:00:00,2026-12-26 05:00:00,2026-12-27 00:00:00,red,heat,cancelled,69,22,499569
ALT300,STN100,East Plains,2026-12-26 12:00:00,2026-12-26 18:00:00,2026-12-27 18:00:00,yellow,thunderstorm,issued,80,0,24300
ALT301,STN107,South Coast,2026-12-27 00:00:00,2026-12-27 07:00:00,2026-12-28 12:00:00,amber,wind,expired,91,28,34031
ALT302,STN114,Western Hills,2026-12-27 12:00:00,2026-12-27 20:00:00,2026-12-29 06:00:00,red,snow,cancelled,21,31,43762
ALT303,STN121,North Coast,2026-12-28 00:00:00,2026-12-28 09:00:00,2026-12-30 00:00:00,yellow,rain,issued,32,0,53493
ALT304,STN128,Central Valley,2026-12-28 12:00:00,2026-12-28 22:00:00,2026-12-30 18:00:00,amber,ice,expired,43,2,63224
ALT305,STN135,Highlands,2026-12-29 00:00:00,2026-12-29 11:00:00,2026-12-31 12:00:00,red,fog,cancelled,54,5,72955
ALT306,STN142,East Plains,2026-12-29 12:00:00,2026-12-29 15:00:00,2026-12-31 21:00:00,yellow,heat,issued,65,0,82686
ALT307,STN149,South Coast,2026-12-30 00:00:00,2026-12-30 04:00:00,2027-01-01 15:00:00,amber,thunderstorm,expired,76,11,92417
ALT308,STN156,Western Hills,2026-12-30 12:00:00,2026-12-30 17:00:00,2026-12-31 09:00:00,red,wind,cancelled,87,14,102148
ALT309,STN163,North Coast,2026-12-31 00:00:00,2026-12-31 06:00:00,2027-01-01 03:00:00,yellow,snow,issued,98,0,111879
ALT310,STN170,Central Valley,2026-12-31 12:00:00,2026-12-31 19:00:00,2027-01-01 21:00:00,amber,rain,expired,28,20,121610
ALT311,STN177,Highlands,2027-01-01 00:00:00,2027-01-01 08:00:00,2027-01-02 15:00:00,red,ice,cancelled,39,23,131341
ALT312,STN184,East Plains,2027-01-01 12:00:00,2027-01-01 21:00:00,2027-01-03 09:00:00,yellow,fog,issued,50,0,141072
ALT313,STN191,South Coast,2027-01-02 00:00:00,2027-01-02 10:00:00,2027-01-04 03:00:00,amber,heat,expired,61,29,150803
ALT314,STN198,Western Hills,2027-01-02 12:00:00,2027-01-02 23:00:00,2027-01-04 21:00:00,red,thunderstorm,cancelled,72,32,160534
ALT315,STN205,North Coast,2027-01-03 00:00:00,2027-01-03 03:00:00,2027-01-05 06:00:00,yellow,wind,issued,83,0,170265
ALT316,STN212,Central Valley,2027-01-03 12:00:00,2027-01-03 16:00:00,2027-01-06 00:00:00,amber,snow,expired,94,3,179996
ALT317,STN219,Highlands,2027-01-04 00:00:00,2027-01-04 05:00:00,2027-01-04 18:00:00,red,rain,cancelled,24,6,189727
ALT318,STN226,East Plains,2027-01-04 12:00:00,2027-01-04 18:00:00,2027-01-05 12:00:00,yellow,ice,issued,35,0,199458
ALT319,STN233,South Coast,2027-01-05 00:00:00,2027-01-05 07:00:00,2027-01-06 06:00:00,amber,fog,expired,46,12,209189
ALT320,STN240,Western Hills,2027-01-05 12:00:00,2027-01-05 20:00:00,2027-01-07 00:00:00,red,heat,cancelled,57,15,218920
ALT321,STN247,North Coast,2027-01-06 00:00:00,2027-01-06 09:00:00,2027-01-07 18:00:00,yellow,thunderstorm,issued,68,0,228651
ALT322,STN254,Central Valley,2027-01-06 12:00:00,2027-01-06 22:00:00,2027-01-08 12:00:00,amber,wind,expired,79,21,238382
ALT323,STN261,Highlands,2027-01-07 00:00:00,2027-01-07 11:00:00,2027-01-09 06:00:00,red,snow,cancelled,90,24,248113
ALT324,STN268,East Plains,2027-01-07 12:00:00,2027-01-07 15:00:00,2027-01-09 15:00:00,yellow,rain,issued,20,0,257844
ALT325,STN275,South Coast,2027-01-08 00:00:00,2027-01-08 04:00:00,2027-01-10 09:00:00,amber,ice,expired,31,30,267575
ALT326,STN282,Western Hills,2027-01-08 12:00:00,2027-01-08 17:00:00,2027-01-11 03:00:00,red,fog,cancelled,42,33,277306
ALT327,STN289,North Coast,2027-01-09 00:00:00,2027-01-09 06:00:00,2027-01-09 21:00:00,yellow,heat,issued,53,0,287037
ALT328,STN296,Central Valley,2027-01-09 12:00:00,2027-01-09 19:00:00,2027-01-10 15:00:00,amber,thunderstorm,expired,64,4,296768
ALT329,STN303,Highlands,2027-01-10 00:00:00,2027-01-10 08:00:00,2027-01-11 09:00:00,red,wind,cancelled,75,7,306499
ALT330,STN310,East Plains,2027-01-10 12:00:00,2027-01-10 21:00:00,2027-01-12 03:00:00,yellow,snow,issued,86,0,316230
ALT331,STN317,South Coast,2027-01-11 00:00:00,2027-01-11 10:00:00,2027-01-12 21:00:00,amber,rain,expired,97,13,325961
ALT332,STN324,Western Hills,2027-01-11 12:00:00,2027-01-11 23:00:00,2027-01-13 15:00:00,red,ice,cancelled,27,16,335692
ALT333,STN331,North Coast,2027-01-12 00:00:00,2027-01-12 03:00:00,2027-01-14 00:00:00,yellow,fog,issued,38,0,345423
ALT334,STN338,Central Valley,2027-01-12 12:00:00,2027-01-12 16:00:00,2027-01-14 18:00:00,amber,heat,expired,49,22,355154
ALT335,STN345,Highlands,2027-01-13 00:00:00,2027-01-13 05:00:00,2027-01-15 12:00:00,red,thunderstorm,cancelled,60,25,364885
ALT336,STN352,East Plains,2027-01-13 12:00:00,2027-01-13 18:00:00,2027-01-14 06:00:00,yellow,wind,issued,71,0,374616
ALT337,STN359,South Coast,2027-01-14 00:00:00,2027-01-14 07:00:00,2027-01-15 00:00:00,amber,snow,expired,82,31,384347
ALT338,STN366,Western Hills,2027-01-14 12:00:00,2027-01-14 20:00:00,2027-01-15 18:00:00,red,rain,cancelled,93,34,394078
ALT339,STN373,North Coast,2027-01-15 00:00:00,2027-01-15 09:00:00,2027-01-16 12:00:00,yellow,ice,issued,23,0,403809
ALT340,STN380,Central Valley,2027-01-15 12:00:00,2027-01-15 22:00:00,2027-01-17 06:00:00,amber,fog,expired,34,5,413540
ALT341,STN387,Highlands,2027-01-16 00:00:00,2027-01-16 11:00:00,2027-01-18 00:00:00,red,heat,cancelled,45,8,423271
ALT342,STN394,East Plains,2027-01-16 12:00:00,2027-01-16 15:00:00,2027-01-18 09:00:00,yellow,thunderstorm,issued,56,0,433002
ALT343,STN401,South Coast,2027-01-17 00:00:00,2027-01-17 04:00:00,2027-01-19 03:00:00,amber,wind,expired,67,14,442733
ALT344,STN408,Western Hills,2027-01-17 12:00:00,2027-01-17 17:00:00,2027-01-19 21:00:00,red,snow,cancelled,78,17,452464
ALT345,STN415,North Coast,2027-01-18 00:00:00,2027-01-18 06:00:00,2027-01-20 15:00:00,yellow,rain,issued,89,0,462195
ALT346,STN422,Central Valley,2027-01-18 12:00:00,2027-01-18 19:00:00,2027-01-19 09:00:00,amber,ice,expired,100,23,471926
ALT347,STN429,Highlands,2027-01-19 00:00:00,2027-01-19 08:00:00,2027-01-20 03:00:00,red,fog,cancelled,30,26,481657
ALT348,STN436,East Plains,2027-01-19 12:00:00,2027-01-19 21:00:00,2027-01-20 21:00:00,yellow,heat,issued,41,0,491388
ALT349,STN443,South Coast,2027-01-20 00:00:00,2027-01-20 10:00:00,2027-01-21 15:00:00,amber,thunderstorm,expired,52,32,16119
ALT350,STN450,Western Hills,2027-01-20 12:00:00,2027-01-20 23:00:00,2027-01-22 09:00:00,red,wind,cancelled,63,0,25850
ALT351,STN457,North Coast,2027-01-21 00:00:00,2027-01-21 03:00:00,2027-01-22 18:00:00,yellow,snow,issued,74,0,35581
ALT352,STN464,Central Valley,2027-01-21 12:00:00,2027-01-21 16:00:00,2027-01-23 12:00:00,amber,rain,expired,85,6,45312
ALT353,STN471,Highlands,2027-01-22 00:00:00,2027-01-22 05:00:00,2027-01-24 06:00:00,red,ice,cancelled,96,9,55043
ALT354,STN478,East Plains,2027-01-22 12:00:00,2027-01-22 18:00:00,2027-01-25 00:00:00,yellow,fog,issued,26,0,64774
ALT355,STN485,South Coast,2027-01-23 00:00:00,2027-01-23 07:00:00,2027-01-25 18:00:00,amber,heat,expired,37,15,74505
ALT356,STN492,Western Hills,2027-01-23 12:00:00,2027-01-23 20:00:00,2027-01-24 12:00:00,red,thunderstorm,cancelled,48,18,84236
ALT357,STN499,North Coast,2027-01-24 00:00:00,2027-01-24 09:00:00,2027-01-25 06:00:00,yellow,wind,issued,59,0,93967
ALT358,STN506,Central Valley,2027-01-24 12:00:00,2027-01-24 22:00:00,2027-01-26 00:00:00,amber,snow,expired,70,24,103698
ALT359,STN513,Highlands,2027-01-25 00:00:00,2027-01-25 11:00:00,2027-01-26 18:00:00,red,rain,cancelled,81,27,113429
ALT360,STN520,East Plains,2027-01-25 12:00:00,2027-01-25 15:00:00,2027-01-27 03:00:00,yellow,ice,issued,92,0,123160
ALT361,STN527,South Coast,2027-01-26 00:00:00,2027-01-26 04:00:00,2027-01-27 21:00:00,amber,fog,expired,22,33,132891
ALT362,STN534,Western Hills,2027-01-26 12:00:00,2027-01-26 17:00:00,2027-01-28 15:00:00,red,heat,cancelled,33,1,142622
ALT363,STN541,North Coast,2027-01-27 00:00:00,2027-01-27 06:00:00,2027-01-29 09:00:00,yellow,thunderstorm,issued,44,0,152353
ALT364,STN548,Central Valley,2027-01-27 12:00:00,2027-01-27 19:00:00,2027-01-30 03:00:00,amber,wind,expired,55,7,162084
ALT365,STN555,Highlands,2027-01-28 00:00:00,2027-01-28 08:00:00,2027-01-28 21:00:00,red,snow,cancelled,66,10,171815
ALT366,STN562,East Plains,2027-01-28 12:00:00,2027-01-28 21:00:00,2027-01-29 15:00:00,yellow,rain,issued,77,0,181546
ALT367,STN569,South Coast,2027-01-29 00:00:00,2027-01-29 10:00:00,2027-01-30 09:00:00,amber,ice,expired,88,16,191277
ALT368,STN576,Western Hills,2027-01-29 12:00:00,2027-01-29 23:00:00,2027-01-31 03:00:00,red,fog,cancelled,99,19,201008
ALT369,STN583,North Coast,2027-01-30 00:00:00,2027-01-30 03:00:00,2027-01-31 12:00:00,yellow,heat,issued,29,0,210739
ALT370,STN590,Central Valley,2027-01-30 12:00:00,2027-01-30 16:00:00,2027-02-01 06:00:00,amber,thunderstorm,expired,40,25,220470
ALT371,STN597,Highlands,2027-01-31 00:00:00,2027-01-31 05:00:00,2027-02-02 00:00:00,red,wind,cancelled,51,28,230201
ALT372,STN604,East Plains,2027-01-31 12:00:00,2027-01-31 18:00:00,2027-02-02 18:00:00,yellow,snow,issued,62,0,239932
ALT373,STN611,South Coast,2027-02-01 00:00:00,2027-02-01 07:00:00,2027-02-03 12:00:00,amber,rain,expired,73,34,249663
ALT374,STN618,Western Hills,2027-02-01 12:00:00,2027-02-01 20:00:00,2027-02-04 06:00:00,red,ice,cancelled,84,2,259394
ALT375,STN625,North Coast,2027-02-02 00:00:00,2027-02-02 09:00:00,2027-02-03 00:00:00,yellow,fog,issued,95,0,269125
ALT376,STN632,Central Valley,2027-02-02 12:00:00,2027-02-02 22:00:00,2027-02-03 18:00:00,amber,heat,expired,25,8,278856
ALT377,STN639,Highlands,2027-02-03 00:00:00,2027-02-03 11:00:00,2027-02-04 12:00:00,red,thunderstorm,cancelled,36,11,288587
ALT378,STN646,East Plains,2027-02-03 12:00:00,2027-02-03 15:00:00,2027-02-04 21:00:00,yellow,wind,issued,47,0,298318
ALT379,STN653,South Coast,2027-02-04 00:00:00,2027-02-04 04:00:00,2027-02-05 15:00:00,amber,snow,expired,58,17,308049
ALT380,STN660,Western Hills,2027-02-04 12:00:00,2027-02-04 17:00:00,2027-02-06 09:00:00,red,rain,cancelled,69,20,317780
ALT381,STN667,North Coast,2027-02-05 00:00:00,2027-02-05 06:00:00,2027-02-07 03:00:00,yellow,ice,issued,80,0,327511
ALT382,STN674,Central Valley,2027-02-05 12:00:00,2027-02-05 19:00:00,2027-02-07 21:00:00,amber,fog,expired,91,26,337242
ALT383,STN681,Highlands,2027-02-06 00:00:00,2027-02-06 08:00:00,2027-02-08 15:00:00,red,heat,cancelled,21,29,346973
ALT384,STN688,East Plains,2027-02-06 12:00:00,2027-02-06 21:00:00,2027-02-07 09:00:00,yellow,thunderstorm,issued,32,0,356704
ALT385,STN695,South Coast,2027-02-07 00:00:00,2027-02-07 10:00:00,2027-02-08 03:00:00,amber,wind,expired,43,0,366435
ALT386,STN702,Western Hills,2027-02-07 12:00:00,2027-02-07 23:00:00,2027-02-08 21:00:00,red,snow,cancelled,54,3,376166
ALT387,STN709,North Coast,2027-02-08 00:00:00,2027-02-08 03:00:00,2027-02-09 06:00:00,yellow,rain,issued,65,0,385897
ALT388,STN716,Central Valley,2027-02-08 12:00:00,2027-02-08 16:00:00,2027-02-10 00:00:00,amber,ice,expired,76,9,395628
ALT389,STN723,Highlands,2027-02-09 00:00:00,2027-02-09 05:00:00,2027-02-10 18:00:00,red,fog,cancelled,87,12,405359
ALT390,STN730,East Plains,2027-02-09 12:00:00,2027-02-09 18:00:00,2027-02-11 12:00:00,yellow,heat,issued,98,0,415090
ALT391,STN737,South Coast,2027-02-10 00:00:00,2027-02-10 07:00:00,2027-02-12 06:00:00,amber,thunderstorm,expired,28,18,424821
ALT392,STN744,Western Hills,2027-02-10 12:00:00,2027-02-10 20:00:00,2027-02-13 00:00:00,red,wind,cancelled,39,21,434552
ALT393,STN751,North Coast,2027-02-11 00:00:00,2027-02-11 09:00:00,2027-02-13 18:00:00,yellow,snow,issued,50,0,444283
ALT394,STN758,Central Valley,2027-02-11 12:00:00,2027-02-11 22:00:00,2027-02-12 12:00:00,amber,rain,expired,61,27,454014
ALT395,STN765,Highlands,2027-02-12 00:00:00,2027-02-12 11:00:00,2027-02-13 06:00:00,red,ice,cancelled,72,30,463745
ALT396,STN772,East Plains,2027-02-12 12:00:00,2027-02-12 15:00:00,2027-02-13 15:00:00,yellow,fog,issued,83,0,473476
ALT397,STN779,South Coast,2027-02-13 00:00:00,2027-02-13 04:00:00,2027-02-14 09:00:00,amber,heat,expired,94,1,483207
ALT398,STN786,Western Hills,2027-02-13 12:00:00,2027-02-13 17:00:00,2027-02-15 03:00:00,red,thunderstorm,cancelled,24,4,492938
ALT399,STN793,North Coast,2027-02-14 00:00:00,2027-02-14 06:00:00,2027-02-15 21:00:00,yellow,wind,issued,35,0,17669
ALT400,STN800,Central Valley,2027-02-14 12:00:00,2027-02-14 19:00:00,2027-02-16 15:00:00,amber,snow,expired,46,10,27400
ALT401,STN807,Highlands,2027-02-15 00:00:00,2027-02-15 08:00:00,2027-02-17 09:00:00,red,rain,cancelled,57,13,37131
ALT402,STN814,East Plains,2027-02-15 12:00:00,2027-02-15 21:00:00,2027-02-18 03:00:00,yellow,ice,issued,68,0,46862
ALT403,STN821,South Coast,2027-02-16 00:00:00,2027-02-16 10:00:00,2027-02-18 21:00:00,amber,fog,expired,79,19,56593
ALT404,STN828,Western Hills,2027-02-16 12:00:00,2027-02-16 23:00:00,2027-02-17 15:00:00,red,heat,cancelled,90,22,66324
ALT405,STN835,North Coast,2027-02-17 00:00:00,2027-02-17 03:00:00,2027-02-18 00:00:00,yellow,thunderstorm,issued,20,0,76055
ALT406,STN842,Central Valley,2027-02-17 12:00:00,2027-02-17 16:00:00,2027-02-18 18:00:00,amber,wind,expired,31,28,85786
ALT407,STN849,Highlands,2027-02-18 00:00:00,2027-02-18 05:00:00,2027-02-19 12:00:00,red,snow,cancelled,42,31,95517
ALT408,STN856,East Plains,2027-02-18 12:00:00,2027-02-18 18:00:00,2027-02-20 06:00:00,yellow,rain,issued,53,0,105248
ALT409,STN863,South Coast,2027-02-19 00:00:00,2027-02-19 07:00:00,2027-02-21 00:00:00,amber,ice,expired,64,2,114979
ALT410,STN870,Western Hills,2027-02-19 12:00:00,2027-02-19 20:00:00,2027-02-21 18:00:00,red,fog,cancelled,75,5,124710
ALT411,STN877,North Coast,2027-02-20 00:00:00,2027-02-20 09:00:00,2027-02-22 12:00:00,yellow,heat,issued,86,0,134441
ALT412,STN884,Central Valley,2027-02-20 12:00:00,2027-02-20 22:00:00,2027-02-23 06:00:00,amber,thunderstorm,expired,97,11,144172
ALT413,STN891,Highlands,2027-02-21 00:00:00,2027-02-21 11:00:00,2027-02-22 00:00:00,red,wind,cancelled,27,14,153903
ALT414,STN898,East Plains,2027-02-21 12:00:00,2027-02-21 15:00:00,2027-02-22 09:00:00,yellow,snow,issued,38,0,163634
ALT415,STN905,South Coast,2027-02-22 00:00:00,2027-02-22 04:00:00,2027-02-23 03:00:00,amber,rain,expired,49,20,173365
ALT416,STN912,Western Hills,2027-02-22 12:00:00,2027-02-22 17:00:00,2027-02-23 21:00:00,red,ice,cancelled,60,23,183096
ALT417,STN919,North Coast,2027-02-23 00:00:00,2027-02-23 06:00:00,2027-02-24 15:00:00,yellow,fog,issued,71,0,192827
ALT418,STN926,Central Valley,2027-02-23 12:00:00,2027-02-23 19:00:00,2027-02-25 09:00:00,amber,heat,expired,82,29,202558
ALT419,STN933,Highlands,2027-02-24 00:00:00,2027-02-24 08:00:00,2027-02-26 03:00:00,red,thunderstorm,cancelled,93,32,212289
ALT420,STN940,East Plains,2027-02-24 12:00:00,2027-02-24 21:00:00,2027-02-26 21:00:00,yellow,wind,issued,23,0,222020
ALT421,STN947,South Coast,2027-02-25 00:00:00,2027-02-25 10:00:00,2027-02-27 15:00:00,amber,snow,expired,34,3,231751
ALT422,STN954,Western Hills,2027-02-25 12:00:00,2027-02-25 23:00:00,2027-02-28 09:00:00,red,rain,cancelled,45,6,241482
ALT423,STN961,North Coast,2027-02-26 00:00:00,2027-02-26 03:00:00,2027-02-26 18:00:00,yellow,ice,issued,56,0,251213
ALT424,STN968,Central Valley,2027-02-26 12:00:00,2027-02-26 16:00:00,2027-02-27 12:00:00,amber,fog,expired,67,12,260944
ALT425,STN975,Highlands,2027-02-27 00:00:00,2027-02-27 05:00:00,2027-02-28 06:00:00,red,heat,cancelled,78,15,270675
ALT426,STN982,East Plains,2027-02-27 12:00:00,2027-02-27 18:00:00,2027-03-01 00:00:00,yellow,thunderstorm,issued,89,0,280406
ALT427,STN989,South Coast,2027-02-28 00:00:00,2027-02-28 07:00:00,2027-03-01 18:00:00,amber,wind,expired,100,21,290137
ALT428,STN996,Western Hills,2027-02-28 12:00:00,2027-02-28 20:00:00,2027-03-02 12:00:00,red,snow,cancelled,30,24,299868
ALT429,STN003,Highlands,2027-03-01 00:00:00,2027-03-01 09:00:00,2027-03-03 06:00:00,yellow,rain,issued,41,0,309599
ALT430,STN010,Highlands,2027-03-01 12:00:00,2027-03-01 22:00:00,2027-03-04 00:00:00,amber,ice,expired,52,30,319330
ALT431,STN017,South Coast,2027-03-02 00:00:00,2027-03-02 11:00:00,2027-03-04 18:00:00,red,fog,cancelled,63,33,329061
ALT432,STN024,Western Hills,2027-03-02 12:00:00,2027-03-02 15:00:00,2027-03-03 03:00:00,yellow,heat,issued,74,0,338792
ALT433,STN031,North Coast,2027-03-03 00:00:00,2027-03-03 04:00:00,2027-03-03 21:00:00,amber,thunderstorm,expired,85,4,348523
ALT434,STN038,Central Valley,2027-03-03 12:00:00,2027-03-03 17:00:00,2027-03-04 15:00:00,red,wind,cancelled,96,7,358254
ALT435,STN045,Highlands,2027-03-04 00:00:00,2027-03-04 06:00:00,2027-03-05 09:00:00,yellow,snow,issued,26,0,367985
ALT436,STN052,East Plains,2027-03-04 12:00:00,2027-03-04 19:00:00,2027-03-06 03:00:00,amber,rain,expired,37,13,377716
ALT437,STN059,South Coast,2027-03-05 00:00:00,2027-03-05 08:00:00,2027-03-06 21:00:00,red,ice,cancelled,48,16,387447
ALT438,STN066,Western Hills,2027-03-05 12:00:00,2027-03-05 21:00:00,2027-03-07 15:00:00,yellow,fog,issued,59,0,397178
ALT439,STN073,North Coast,2027-03-06 00:00:00,2027-03-06 10:00:00,2027-03-08 09:00:00,amber,heat,expired,70,22,406909
ALT440,STN080,Central Valley,2027-03-06 12:00:00,2027-03-06 23:00:00,2027-03-09 03:00:00,red,thunderstorm,cancelled,81,25,416640
ALT441,STN087,Highlands,2027-03-07 00:00:00,2027-03-07 03:00:00,2027-03-09 12:00:00,yellow,wind,issued,92,0,426371
ALT442,STN094,East Plains,2027-03-07 12:00:00,2027-03-07 16:00:00,2027-03-08 06:00:00,amber,snow,expired,22,31,436102
ALT443,STN101,South Coast,2027-03-08 00:00:00,2027-03-08 05:00:00,2027-03-09 00:00:00,red,rain,cancelled,33,34,445833
ALT444,STN108,Western Hills,2027-03-08 12:00:00,2027-03-08 18:00:00,2027-03-09 18:00:00,yellow,ice,issued,44,0,455564
ALT445,STN115,North Coast,2027-03-09 00:00:00,2027-03-09 07:00:00,2027-03-10 12:00:00,amber,fog,expired,55,5,465295
ALT446,STN122,Central Valley,2027-03-09 12:00:00,2027-03-09 20:00:00,2027-03-11 06:00:00,red,heat,cancelled,66,8,475026
ALT447,STN129,Highlands,2027-03-10 00:00:00,2027-03-10 09:00:00,2027-03-12 00:00:00,yellow,thunderstorm,issued,77,0,484757
ALT448,STN136,East Plains,2027-03-10 12:00:00,2027-03-10 22:00:00,2027-03-12 18:00:00,amber,wind,expired,88,14,494488
ALT449,STN143,South Coast,2027-03-11 00:00:00,2027-03-11 11:00:00,2027-03-13 12:00:00,red,snow,cancelled,99,17,19219
ALT450,STN150,Western Hills,2027-03-11 12:00:00,2027-03-11 15:00:00,2027-03-13 21:00:00,yellow,rain,issued,29,0,28950
ALT451,STN157,North Coast,2027-03-12 00:00:00,2027-03-12 04:00:00,2027-03-14 15:00:00,amber,ice,expired,40,23,38681
ALT452,STN164,Central Valley,2027-03-12 12:00:00,2027-03-12 17:00:00,2027-03-13 09:00:00,red,fog,cancelled,51,26,48412
ALT453,STN171,Highlands,2027-03-13 00:00:00,2027-03-13 06:00:00,2027-03-14 03:00:00,yellow,heat,issued,62,0,58143
ALT454,STN178,East Plains,2027-03-13 12:00:00,2027-03-13 19:00:00,2027-03-14 21:00:00,amber,thunderstorm,expired,73,32,67874
ALT455,STN185,South Coast,2027-03-14 00:00:00,2027-03-14 08:00:00,2027-03-15 15:00:00,red,wind,cancelled,84,0,77605
ALT456,STN192,Western Hills,2027-03-14 12:00:00,2027-03-14 21:00:00,2027-03-16 09:00:00,yellow,snow,issued,95,0,87336
ALT457,STN199,North Coast,2027-03-15 00:00:00,2027-03-15 10:00:00,2027-03-17 03:00:00,amber,rain,expired,25,6,97067
ALT458,STN206,Central Valley,2027-03-15 12:00:00,2027-03-15 23:00:00,2027-03-17 21:00:00,red,ice,cancelled,36,9,106798
ALT459,STN213,Highlands,2027-03-16 00:00:00,2027-03-16 03:00:00,2027-03-18 06:00:00,yellow,fog,issued,47,0,116529
ALT460,STN220,East Plains,2027-03-16 12:00:00,2027-03-16 16:00:00,2027-03-19 00:00:00,amber,heat,expired,58,15,126260
ALT461,STN227,South Coast,2027-03-17 00:00:00,2027-03-17 05:00:00,2027-03-17 18:00:00,red,thunderstorm,cancelled,69,18,135991
ALT462,STN234,Western Hills,2027-03-17 12:00:00,2027-03-17 18:00:00,2027-03-18 12:00:00,yellow,wind,issued,80,0,145722
ALT463,STN241,North Coast,2027-03-18 00:00:00,2027-03-18 07:00:00,2027-03-19 06:00:00,amber,snow,expired,91,24,155453
ALT464,STN248,Central Valley,2027-03-18 12:00:00,2027-03-18 20:00:00,2027-03-20 00:00:00,red,rain,cancelled,21,27,165184
ALT465,STN255,Highlands,2027-03-19 00:00:00,2027-03-19 09:00:00,2027-03-20 18:00:00,yellow,ice,issued,32,0,174915
ALT466,STN262,East Plains,2027-03-19 12:00:00,2027-03-19 22:00:00,2027-03-21 12:00:00,amber,fog,expired,43,33,184646
ALT467,STN269,South Coast,2027-03-20 00:00:00,2027-03-20 11:00:00,2027-03-22 06:00:00,red,heat,cancelled,54,1,194377
ALT468,STN276,Western Hills,2027-03-20 12:00:00,2027-03-20 15:00:00,2027-03-22 15:00:00,yellow,thunderstorm,issued,65,0,204108
ALT469,STN283,North Coast,2027-03-21 00:00:00,2027-03-21 04:00:00,2027-03-23 09:00:00,amber,wind,expired,76,7,213839
ALT470,STN290,Central Valley,2027-03-21 12:00:00,2027-03-21 17:00:00,2027-03-24 03:00:00,red,snow,cancelled,87,10,223570
ALT471,STN297,Highlands,2027-03-22 00:00:00,2027-03-22 06:00:00,2027-03-22 21:00:00,yellow,rain,issued,98,0,233301
ALT472,STN304,East Plains,2027-03-22 12:00:00,2027-03-22 19:00:00,2027-03-23 15:00:00,amber,ice,expired,28,16,243032
ALT473,STN311,South Coast,2027-03-23 00:00:00,2027-03-23 08:00:00,2027-03-24 09:00:00,red,fog,cancelled,39,19,252763
ALT474,STN318,Western Hills,2027-03-23 12:00:00,2027-03-23 21:00:00,2027-03-25 03:00:00,yellow,heat,issued,50,0,262494
ALT475,STN325,North Coast,2027-03-24 00:00:00,2027-03-24 10:00:00,2027-03-25 21:00:00,amber,thunderstorm,expired,61,25,272225
ALT476,STN332,Central Valley,2027-03-24 12:00:00,2027-03-24 23:00:00,2027-03-26 15:00:00,red,wind,cancelled,72,28,281956
ALT477,STN339,Highlands,2027-03-25 00:00:00,2027-03-25 03:00:00,2027-03-27 00:00:00,yellow,snow,issued,83,0,291687
ALT478,STN346,East Plains,2027-03-25 12:00:00,2027-03-25 16:00:00,2027-03-27 18:00:00,amber,rain,expired,94,34,301418
ALT479,STN353,South Coast,2027-03-26 00:00:00,2027-03-26 05:00:00,2027-03-28 12:00:00,red,ice,cancelled,24,2,311149
ALT480,STN360,Western Hills,2027-03-26 12:00:00,2027-03-26 18:00:00,2027-03-27 06:00:00,yellow,fog,issued,35,0,320880
ALT481,STN367,North Coast,2027-03-27 00:00:00,2027-03-27 07:00:00,2027-03-28 00:00:00,amber,heat,expired,46,8,330611
ALT482,STN374,Central Valley,2027-03-27 12:00:00,2027-03-27 20:00:00,2027-03-28 18:00:00,red,thunderstorm,cancelled,57,11,340342
ALT483,STN381,Highlands,2027-03-28 00:00:00,2027-03-28 09:00:00,2027-03-29 12:00:00,yellow,wind,issued,68,0,350073
ALT484,STN388,East Plains,2027-03-28 12:00:00,2027-03-28 22:00:00,2027-03-30 06:00:00,amber,snow,expired,79,17,359804
ALT485,STN395,South Coast,2027-03-29 00:00:00,2027-03-29 11:00:00,2027-03-31 00:00:00,red,rain,cancelled,90,20,369535
ALT486,STN402,Western Hills,2027-03-29 12:00:00,2027-03-29 15:00:00,2027-03-31 09:00:00,yellow,ice,issued,20,0,379266
ALT487,STN409,North Coast,2027-03-30 00:00:00,2027-03-30 04:00:00,2027-04-01 03:00:00,amber,fog,expired,31,26,388997
ALT488,STN416,Central Valley,2027-03-30 12:00:00,2027-03-30 17:00:00,2027-04-01 21:00:00,red,heat,cancelled,42,29,398728
ALT489,STN423,Highlands,2027-03-31 00:00:00,2027-03-31 06:00:00,2027-04-02 15:00:00,yellow,thunderstorm,issued,53,0,408459
ALT490,STN430,East Plains,2027-03-31 12:00:00,2027-03-31 19:00:00,2027-04-01 09:00:00,amber,wind,expired,64,0,418190
ALT491,STN437,South Coast,2027-04-01 00:00:00,2027-04-01 08:00:00,2027-04-02 03:00:00,red,snow,cancelled,75,3,427921
ALT492,STN444,Western Hills,2027-04-01 12:00:00,2027-04-01 21:00:00,2027-04-02 21:00:00,yellow,rain,issued,86,0,437652
ALT493,STN451,North Coast,2027-04-02 00:00:00,2027-04-02 10:00:00,2027-04-03 15:00:00,amber,ice,expired,97,9,447383
ALT494,STN458,Central Valley,2027-04-02 12:00:00,2027-04-02 23:00:00,2027-04-04 09:00:00,red,fog,cancelled,27,12,457114
ALT495,STN465,Highlands,2027-04-03 00:00:00,2027-04-03 03:00:00,2027-04-04 18:00:00,yellow,heat,issued,38,0,466845
ALT496,STN472,East Plains,2027-04-03 12:00:00,2027-04-03 16:00:00,2027-04-05 12:00:00,amber,thunderstorm,expired,49,18,476576
ALT497,STN479,South Coast,2027-04-04 00:00:00,2027-04-04 05:00:00,2027-04-06 06:00:00,red,wind,cancelled,60,21,486307
ALT498,STN486,Western Hills,2027-04-04 12:00:00,2027-04-04 18:00:00,2027-04-07 00:00:00,yellow,snow,issued,71,0,496038
ALT499,STN493,North Coast,2027-04-05 00:00:00,2027-04-05 07:00:00,2027-04-07 18:00:00,amber,rain,expired,82,27,20769
ALT500,STN500,Central Valley,2027-04-05 12:00:00,2027-04-05 20:00:00,2027-04-06 12:00:00,red,ice,cancelled,93,30,30500
ALT501,STN507,Highlands,2027-04-06 00:00:00,2027-04-06 09:00:00,2027-04-07 06:00:00,yellow,fog,issued,23,0,40231
ALT502,STN514,East Plains,2027-04-06 12:00:00,2027-04-06 22:00:00,2027-04-08 00:00:00,amber,heat,expired,34,1,49962
ALT503,STN521,South Coast,2027-04-07 00:00:00,2027-04-07 11:00:00,2027-04-08 18:00:00,red,thunderstorm,cancelled,45,4,59693
ALT504,STN528,Western Hills,2027-04-07 12:00:00,2027-04-07 15:00:00,2027-04-09 03:00:00,yellow,wind,issued,56,0,69424
ALT505,STN535,North Coast,2027-04-08 00:00:00,2027-04-08 04:00:00,2027-04-09 21:00:00,amber,snow,expired,67,10,79155
ALT506,STN542,Central Valley,2027-04-08 12:00:00,2027-04-08 17:00:00,2027-04-10 15:00:00,red,rain,cancelled,78,13,88886
ALT507,STN549,Highlands,2027-04-09 00:00:00,2027-04-09 06:00:00,2027-04-11 09:00:00,yellow,ice,issued,89,0,98617
ALT508,STN556,East Plains,2027-04-09 12:00:00,2027-04-09 19:00:00,2027-04-12 03:00:00,amber,fog,expired,100,19,108348
ALT509,STN563,South Coast,2027-04-10 00:00:00,2027-04-10 08:00:00,2027-04-10 21:00:00,red,heat,cancelled,30,22,118079
ALT510,STN570,Western Hills,2027-04-10 12:00:00,2027-04-10 21:00:00,2027-04-11 15:00:00,yellow,thunderstorm,issued,41,0,127810
ALT511,STN577,North Coast,2027-04-11 00:00:00,2027-04-11 10:00:00,2027-04-12 09:00:00,amber,wind,expired,52,28,137541
ALT512,STN584,Central Valley,2027-04-11 12:00:00,2027-04-11 23:00:00,2027-04-13 03:00:00,red,snow,cancelled,63,31,147272
ALT513,STN591,Highlands,2027-04-12 00:00:00,2027-04-12 03:00:00,2027-04-13 12:00:00,yellow,rain,issued,74,0,157003
ALT514,STN598,East Plains,2027-04-12 12:00:00,2027-04-12 16:00:00,2027-04-14 06:00:00,amber,ice,expired,85,2,166734
ALT515,STN605,South Coast,2027-04-13 00:00:00,2027-04-13 05:00:00,2027-04-15 00:00:00,red,fog,cancelled,96,5,176465
ALT516,STN612,Western Hills,2027-04-13 12:00:00,2027-04-13 18:00:00,2027-04-15 18:00:00,yellow,heat,issued,26,0,186196
ALT517,STN619,North Coast,2027-04-14 00:00:00,2027-04-14 07:00:00,2027-04-16 12:00:00,amber,thunderstorm,expired,37,11,195927
ALT518,STN626,Central Valley,2027-04-14 12:00:00,2027-04-14 20:00:00,2027-04-17 06:00:00,red,wind,cancelled,48,14,205658
ALT519,STN633,Highlands,2027-04-15 00:00:00,2027-04-15 09:00:00,2027-04-16 00:00:00,yellow,snow,issued,59,0,215389
ALT520,STN640,East Plains,2027-04-15 12:00:00,2027-04-15 22:00:00,2027-04-16 18:00:00,amber,rain,expired,70,20,225120
ALT521,STN647,South Coast,2027-04-16 00:00:00,2027-04-16 11:00:00,2027-04-17 12:00:00,red,ice,cancelled,81,23,234851
ALT522,STN654,Western Hills,2027-04-16 12:00:00,2027-04-16 15:00:00,2027-04-17 21:00:00,yellow,fog,issued,92,0,244582
ALT523,STN661,North Coast,2027-04-17 00:00:00,2027-04-17 04:00:00,2027-04-18 15:00:00,amber,heat,expired,22,29,254313
ALT524,STN668,Central Valley,2027-04-17 12:00:00,2027-04-17 17:00:00,2027-04-19 09:00:00,red,thunderstorm,cancelled,33,32,264044
ALT525,STN675,Highlands,2027-04-18 00:00:00,2027-04-18 06:00:00,2027-04-20 03:00:00,yellow,wind,issued,44,0,273775
ALT526,STN682,East Plains,2027-04-18 12:00:00,2027-04-18 19:00:00,2027-04-20 21:00:00,amber,snow,expired,55,3,283506
ALT527,STN689,South Coast,2027-04-19 00:00:00,2027-04-19 08:00:00,2027-04-21 15:00:00,red,rain,cancelled,66,6,293237
ALT528,STN696,Western Hills,2027-04-19 12:00:00,2027-04-19 21:00:00,2027-04-20 09:00:00,yellow,ice,issued,77,0,302968
ALT529,STN703,North Coast,2027-04-20 00:00:00,2027-04-20 10:00:00,2027-04-21 03:00:00,amber,fog,expired,88,12,312699
ALT530,STN710,Central Valley,2027-04-20 12:00:00,2027-04-20 23:00:00,2027-04-21 21:00:00,red,heat,cancelled,99,15,322430
ALT531,STN717,Highlands,2027-04-21 00:00:00,2027-04-21 03:00:00,2027-04-22 06:00:00,yellow,thunderstorm,issued,29,0,332161
ALT532,STN724,East Plains,2027-04-21 12:00:00,2027-04-21 16:00:00,2027-04-23 00:00:00,amber,wind,expired,40,21,341892
ALT533,STN731,South Coast,2027-04-22 00:00:00,2027-04-22 05:00:00,2027-04-23 18:00:00,red,snow,cancelled,51,24,351623
ALT534,STN738,Western Hills,2027-04-22 12:00:00,2027-04-22 18:00:00,2027-04-24 12:00:00,yellow,rain,issued,62,0,361354
ALT535,STN745,North Coast,2027-04-23 00:00:00,2027-04-23 07:00:00,2027-04-25 06:00:00,amber,ice,expired,73,30,371085
ALT536,STN752,Central Valley,2027-04-23 12:00:00,2027-04-23 20:00:00,2027-04-26 00:00:00,red,fog,cancelled,84,33,380816
ALT537,STN759,Highlands,2027-04-24 00:00:00,2027-04-24 09:00:00,2027-04-26 18:00:00,yellow,heat,issued,95,0,390547
ALT538,STN766,East Plains,2027-04-24 12:00:00,2027-04-24 22:00:00,2027-04-25 12:00:00,amber,thunderstorm,expired,25,4,400278
ALT539,STN773,South Coast,2027-04-25 00:00:00,2027-04-25 11:00:00,2027-04-26 06:00:00,red,wind,cancelled,36,7,410009
ALT540,STN780,Western Hills,2027-04-25 12:00:00,2027-04-25 15:00:00,2027-04-26 15:00:00,yellow,snow,issued,47,0,419740
ALT541,STN787,North Coast,2027-04-26 00:00:00,2027-04-26 04:00:00,2027-04-27 09:00:00,amber,rain,expired,58,13,429471
ALT542,STN794,Central Valley,2027-04-26 12:00:00,2027-04-26 17:00:00,2027-04-28 03:00:00,red,ice,cancelled,69,16,439202
ALT543,STN801,Highlands,2027-04-27 00:00:00,2027-04-27 06:00:00,2027-04-28 21:00:00,yellow,fog,issued,80,0,448933
ALT544,STN808,East Plains,2027-04-27 12:00:00,2027-04-27 19:00:00,2027-04-29 15:00:00,amber,heat,expired,91,22,458664
ALT545,STN815,South Coast,2027-04-28 00:00:00,2027-04-28 08:00:00,2027-04-30 09:00:00,red,thunderstorm,cancelled,21,25,468395
ALT546,STN822,Western Hills,2027-04-28 12:00:00,2027-04-28 21:00:00,2027-05-01 03:00:00,yellow,wind,issued,32,0,478126
ALT547,STN829,North Coast,2027-04-29 00:00:00,2027-04-29 10:00:00,2027-05-01 21:00:00,amber,snow,expired,43,31,487857
ALT548,STN836,Central Valley,2027-04-29 12:00:00,2027-04-29 23:00:00,2027-04-30 15:00:00,red,rain,cancelled,54,34,497588
ALT549,STN843,Highlands,2027-04-30 00:00:00,2027-04-30 03:00:00,2027-05-01 00:00:00,yellow,ice,issued,65,0,22319
ALT550,STN850,East Plains,2027-04-30 12:00:00,2027-04-30 16:00:00,2027-05-01 18:00:00,amber,fog,expired,76,5,32050
ALT551,STN857,South Coast,2027-05-01 00:00:00,2027-05-01 05:00:00,2027-05-02 12:00:00,red,heat,cancelled,87,8,41781
ALT552,STN864,Western Hills,2027-05-01 12:00:00,2027-05-01 18:00:00,2027-05-03 06:00:00,yellow,thunderstorm,issued,98,0,51512
ALT553,STN871,North Coast,2027-05-02 00:00:00,2027-05-02 07:00:00,2027-05-04 00:00:00,amber,wind,expired,28,14,61243
ALT554,STN878,Central Valley,2027-05-02 12:00:00,2027-05-02 20:00:00,2027-05-04 18:00:00,red,snow,cancelled,39,17,70974
ALT555,STN885,Highlands,2027-05-03 00:00:00,2027-05-03 09:00:00,2027-05-05 12:00:00,yellow,rain,issued,50,0,80705
ALT556,STN892,East Plains,2027-05-03 12:00:00,2027-05-03 22:00:00,2027-05-06 06:00:00,amber,ice,expired,61,23,90436
ALT557,STN899,South Coast,2027-05-04 00:00:00,2027-05-04 11:00:00,2027-05-05 00:00:00,red,fog,cancelled,72,26,100167
ALT558,STN906,Western Hills,2027-05-04 12:00:00,2027-05-04 15:00:00,2027-05-05 09:00:00,yellow,heat,issued,83,0,109898
ALT559,STN913,North Coast,2027-05-05 00:00:00,2027-05-05 04:00:00,2027-05-06 03:00:00,amber,thunderstorm,expired,94,32,119629
ALT560,STN920,Central Valley,2027-05-05 12:00:00,2027-05-05 17:00:00,2027-05-06 21:00:00,red,wind,cancelled,24,0,129360
ALT561,STN927,Highlands,2027-05-06 00:00:00,2027-05-06 06:00:00,2027-05-07 15:00:00,yellow,snow,issued,35,0,139091
ALT562,STN934,East Plains,2027-05-06 12:00:00,2027-05-06 19:00:00,2027-05-08 09:00:00,amber,rain,expired,46,6,148822
ALT563,STN941,South Coast,2027-05-07 00:00:00,2027-05-07 08:00:00,2027-05-09 03:00:00,red,ice,cancelled,57,9,158553
ALT564,STN948,Western Hills,2027-05-07 12:00:00,2027-05-07 21:00:00,2027-05-09 21:00:00,yellow,fog,issued,68,0,168284
ALT565,STN955,North Coast,2027-05-08 00:00:00,2027-05-08 10:00:00,2027-05-10 15:00:00,amber,heat,expired,79,15,178015
ALT566,STN962,Central Valley,2027-05-08 12:00:00,2027-05-08 23:00:00,2027-05-11 09:00:00,red,thunderstorm,cancelled,90,18,187746
ALT567,STN969,Highlands,2027-05-09 00:00:00,2027-05-09 03:00:00,2027-05-09 18:00:00,yellow,wind,issued,20,0,197477
ALT568,STN976,East Plains,2027-05-09 12:00:00,2027-05-09 16:00:00,2027-05-10 12:00:00,amber,snow,expired,31,24,207208
ALT569,STN983,South Coast,2027-05-10 00:00:00,2027-05-10 05:00:00,2027-05-11 06:00:00,red,rain,cancelled,42,27,216939
ALT570,STN990,Western Hills,2027-05-10 12:00:00,2027-05-10 18:00:00,2027-05-12 00:00:00,yellow,ice,issued,53,0,226670
ALT571,STN997,North Coast,2027-05-11 00:00:00,2027-05-11 07:00:00,2027-05-12 18:00:00,amber,fog,expired,64,33,236401
ALT572,STN004,East Plains,2027-05-11 12:00:00,2027-05-11 20:00:00,2027-05-13 12:00:00,red,heat,cancelled,75,1,246132
ALT573,STN011,Central Valley,2027-05-12 00:00:00,2027-05-12 09:00:00,2027-05-14 06:00:00,yellow,thunderstorm,issued,86,0,255863
ALT574,STN018,Western Hills,2027-05-12 12:00:00,2027-05-12 22:00:00,2027-05-15 00:00:00,amber,wind,expired,97,7,265594
ALT575,STN025,North Coast,2027-05-13 00:00:00,2027-05-13 11:00:00,2027-05-15 18:00:00,red,snow,cancelled,27,10,275325
ALT576,STN032,Central Valley,2027-05-13 12:00:00,2027-05-13 15:00:00,2027-05-14 03:00:00,yellow,rain,issued,38,0,285056
ALT577,STN039,Highlands,2027-05-14 00:00:00,2027-05-14 04:00:00,2027-05-14 21:00:00,amber,ice,expired,49,16,294787
ALT578,STN046,East Plains,2027-05-14 12:00:00,2027-05-14 17:00:00,2027-05-15 15:00:00,red,fog,cancelled,60,19,304518
ALT579,STN053,South Coast,2027-05-15 00:00:00,2027-05-15 06:00:00,2027-05-16 09:00:00,yellow,heat,issued,71,0,314249
ALT580,STN060,Western Hills,2027-05-15 12:00:00,2027-05-15 19:00:00,2027-05-17 03:00:00,amber,thunderstorm,expired,82,25,323980
ALT581,STN067,North Coast,2027-05-16 00:00:00,2027-05-16 08:00:00,2027-05-17 21:00:00,red,wind,cancelled,93,28,333711
ALT582,STN074,Central Valley,2027-05-16 12:00:00,2027-05-16 21:00:00,2027-05-18 15:00:00,yellow,snow,issued,23,0,343442
ALT583,STN081,Highlands,2027-05-17 00:00:00,2027-05-17 10:00:00,2027-05-19 09:00:00,amber,rain,expired,34,34,353173
ALT584,STN088,East Plains,2027-05-17 12:00:00,2027-05-17 23:00:00,2027-05-20 03:00:00,red,ice,cancelled,45,2,362904
ALT585,STN095,South Coast,2027-05-18 00:00:00,2027-05-18 03:00:00,2027-05-20 12:00:00,yellow,fog,issued,56,0,372635
ALT586,STN102,Western Hills,2027-05-18 12:00:00,2027-05-18 16:00:00,2027-05-19 06:00:00,amber,heat,expired,67,8,382366
ALT587,STN109,North Coast,2027-05-19 00:00:00,2027-05-19 05:00:00,2027-05-20 00:00:00,red,thunderstorm,cancelled,78,11,392097
ALT588,STN116,Central Valley,2027-05-19 12:00:00,2027-05-19 18:00:00,2027-05-20 18:00:00,yellow,wind,issued,89,0,401828
ALT589,STN123,Highlands,2027-05-20 00:00:00,2027-05-20 07:00:00,2027-05-21 12:00:00,amber,snow,expired,100,17,411559
ALT590,STN130,East Plains,2027-05-20 12:00:00,2027-05-20 20:00:00,2027-05-22 06:00:00,red,rain,cancelled,30,20,421290
ALT591,STN137,South Coast,2027-05-21 00:00:00,2027-05-21 09:00:00,2027-05-23 00:00:00,yellow,ice,issued,41,0,431021
ALT592,STN144,Western Hills,2027-05-21 12:00:00,2027-05-21 22:00:00,2027-05-23 18:00:00,amber,fog,expired,52,26,440752
ALT593,STN151,North Coast,2027-05-22 00:00:00,2027-05-22 11:00:00,2027-05-24 12:00:00,red,heat,cancelled,63,29,450483
ALT594,STN158,Central Valley,2027-05-22 12:00:00,2027-05-22 15:00:00,2027-05-24 21:00:00,yellow,thunderstorm,issued,74,0,460214
ALT595,STN165,Highlands,2027-05-23 00:00:00,2027-05-23 04:00:00,2027-05-25 15:00:00,amber,wind,expired,85,0,469945
ALT596,STN172,East Plains,2027-05-23 12:00:00,2027-05-23 17:00:00,2027-05-24 09:00:00,red,snow,cancelled,96,3,479676
ALT597,STN179,South Coast,2027-05-24 00:00:00,2027-05-24 06:00:00,2027-05-25 03:00:00,yellow,rain,issued,26,0,489407
ALT598,STN186,Western Hills,2027-05-24 12:00:00,2027-05-24 19:00:00,2027-05-25 21:00:00,amber,ice,expired,37,9,499138
ALT599,STN193,North Coast,2027-05-25 00:00:00,2027-05-25 08:00:00,2027-05-26 15:00:00,red,fog,cancelled,48,12,23869
ALT600,STN200,Central Valley,2027-05-25 12:00:00,2027-05-25 21:00:00,2027-05-27 09:00:00,yellow,heat,issued,59,0,33600
ALT601,STN207,Highlands,2027-05-26 00:00:00,2027-05-26 10:00:00,2027-05-28 03:00:00,amber,thunderstorm,expired,70,18,43331
ALT602,STN214,East Plains,2027-05-26 12:00:00,2027-05-26 23:00:00,2027-05-28 21:00:00,red,wind,cancelled,81,21,53062
ALT603,STN221,South Coast,2027-05-27 00:00:00,2027-05-27 03:00:00,2027-05-29 06:00:00,yellow,snow,issued,92,0,62793
ALT604,STN228,Western Hills,2027-05-27 12:00:00,2027-05-27 16:00:00,2027-05-30 00:00:00,amber,rain,expired,22,27,72524
ALT605,STN235,North Coast,2027-05-28 00:00:00,2027-05-28 05:00:00,2027-05-28 18:00:00,red,ice,cancelled,33,30,82255
ALT606,STN242,Central Valley,2027-05-28 12:00:00,2027-05-28 18:00:00,2027-05-29 12:00:00,yellow,fog,issued,44,0,91986
ALT607,STN249,Highlands,2027-05-29 00:00:00,2027-05-29 07:00:00,2027-05-30 06:00:00,amber,heat,expired,55,1,101717
ALT608,STN256,East Plains,2027-05-29 12:00:00,2027-05-29 20:00:00,2027-05-31 00:00:00,red,thunderstorm,cancelled,66,4,111448
ALT609,STN263,South Coast,2027-05-30 00:00:00,2027-05-30 09:00:00,2027-05-31 18:00:00,yellow,wind,issued,77,0,121179
ALT610,STN270,Western Hills,2027-05-30 12:00:00,2027-05-30 22:00:00,2027-06-01 12:00:00,amber,snow,expired,88,10,130910
ALT611,STN277,North Coast,2027-05-31 00:00:00,2027-05-31 11:00:00,2027-06-02 06:00:00,red,rain,cancelled,99,13,140641
ALT612,STN284,Central Valley,2027-05-31 12:00:00,2027-05-31 15:00:00,2027-06-02 15:00:00,yellow,ice,issued,29,0,150372
ALT613,STN291,Highlands,2027-06-01 00:00:00,2027-06-01 04:00:00,2027-06-03 09:00:00,amber,fog,expired,40,19,160103
ALT614,STN298,East Plains,2027-06-01 12:00:00,2027-06-01 17:00:00,2027-06-04 03:00:00,red,heat,cancelled,51,22,169834
ALT615,STN305,South Coast,2027-06-02 00:00:00,2027-06-02 06:00:00,2027-06-02 21:00:00,yellow,thunderstorm,issued,62,0,179565
ALT616,STN312,Western Hills,2027-06-02 12:00:00,2027-06-02 19:00:00,2027-06-03 15:00:00,amber,wind,expired,73,28,189296
ALT617,STN319,North Coast,2027-06-03 00:00:00,2027-06-03 08:00:00,2027-06-04 09:00:00,red,snow,cancelled,84,31,199027
ALT618,STN326,Central Valley,2027-06-03 12:00:00,2027-06-03 21:00:00,2027-06-05 03:00:00,yellow,rain,issued,95,0,208758
ALT619,STN333,Highlands,2027-06-04 00:00:00,2027-06-04 10:00:00,2027-06-05 21:00:00,amber,ice,expired,25,2,218489
ALT620,STN340,East Plains,2027-06-04 12:00:00,2027-06-04 23:00:00,2027-06-06 15:00:00,red,fog,cancelled,36,5,228220
ALT621,STN347,South Coast,2027-06-05 00:00:00,2027-06-05 03:00:00,2027-06-07 00:00:00,yellow,heat,issued,47,0,237951
ALT622,STN354,Western Hills,2027-06-05 12:00:00,2027-06-05 16:00:00,2027-06-07 18:00:00,amber,thunderstorm,expired,58,11,247682
ALT623,STN361,North Coast,2027-06-06 00:00:00,2027-06-06 05:00:00,2027-06-08 12:00:00,red,wind,cancelled,69,14,257413
ALT624,STN368,Central Valley,2027-06-06 12:00:00,2027-06-06 18:00:00,2027-06-07 06:00:00,yellow,snow,issued,80,0,267144
ALT625,STN375,Highlands,2027-06-07 00:00:00,2027-06-07 07:00:00,2027-06-08 00:00:00,amber,rain,expired,91,20,276875
ALT626,STN382,East Plains,2027-06-07 12:00:00,2027-06-07 20:00:00,2027-06-08 18:00:00,red,ice,cancelled,21,23,286606
ALT627,STN389,South Coast,2027-06-08 00:00:00,2027-06-08 09:00:00,2027-06-09 12:00:00,yellow,fog,issued,32,0,296337
ALT628,STN396,Western Hills,2027-06-08 12:00:00,2027-06-08 22:00:00,2027-06-10 06:00:00,amber,heat,expired,43,29,306068
ALT629,STN403,North Coast,2027-06-09 00:00:00,2027-06-09 11:00:00,2027-06-11 00:00:00,red,thunderstorm,cancelled,54,32,315799
ALT630,STN410,Central Valley,2027-06-09 12:00:00,2027-06-09 15:00:00,2027-06-11 09:00:00,yellow,wind,issued,65,0,325530
ALT631,STN417,Highlands,2027-06-10 00:00:00,2027-06-10 04:00:00,2027-06-12 03:00:00,amber,snow,expired,76,3,335261
ALT632,STN424,East Plains,2027-06-10 12:00:00,2027-06-10 17:00:00,2027-06-12 21:00:00,red,rain,cancelled,87,6,344992
ALT633,STN431,South Coast,2027-06-11 00:00:00,2027-06-11 06:00:00,2027-06-13 15:00:00,yellow,ice,issued,98,0,354723
ALT634,STN438,Western Hills,2027-06-11 12:00:00,2027-06-11 19:00:00,2027-06-12 09:00:00,amber,fog,expired,28,12,364454
ALT635,STN445,North Coast,2027-06-12 00:00:00,2027-06-12 08:00:00,2027-06-13 03:00:00,red,heat,cancelled,39,15,374185
ALT636,STN452,Central Valley,2027-06-12 12:00:00,2027-06-12 21:00:00,2027-06-13 21:00:00,yellow,thunderstorm,issued,50,0,383916
ALT637,STN459,Highlands,2027-06-13 00:00:00,2027-06-13 10:00:00,2027-06-14 15:00:00,amber,wind,expired,61,21,393647
ALT638,STN466,East Plains,2027-06-13 12:00:00,2027-06-13 23:00:00,2027-06-15 09:00:00,red,snow,cancelled,72,24,403378
ALT639,STN473,South Coast,2027-06-14 00:00:00,2027-06-14 03:00:00,2027-06-15 18:00:00,yellow,rain,issued,83,0,413109
ALT640,STN480,Western Hills,2027-06-14 12:00:00,2027-06-14 16:00:00,2027-06-16 12:00:00,amber,ice,expired,94,30,422840
ALT641,STN487,North Coast,2027-06-15 00:00:00,2027-06-15 05:00:00,2027-06-17 06:00:00,red,fog,cancelled,24,33,432571
ALT642,STN494,Central Valley,2027-06-15 12:00:00,2027-06-15 18:00:00,2027-06-18 00:00:00,yellow,heat,issued,35,0,442302
ALT643,STN501,Highlands,2027-06-16 00:00:00,2027-06-16 07:00:00,2027-06-18 18:00:00,amber,thunderstorm,expired,46,4,452033
ALT644,STN508,East Plains,2027-06-16 12:00:00,2027-06-16 20:00:00,2027-06-17 12:00:00,red,wind,cancelled,57,7,461764
ALT645,STN515,South Coast,2027-06-17 00:00:00,2027-06-17 09:00:00,2027-06-18 06:00:00,yellow,snow,issued,68,0,471495
ALT646,STN522,Western Hills,2027-06-17 12:00:00,2027-06-17 22:00:00,2027-06-19 00:00:00,amber,rain,expired,79,13,481226
ALT647,STN529,North Coast,2027-06-18 00:00:00,2027-06-18 11:00:00,2027-06-19 18:00:00,red,ice,cancelled,90,16,490957
ALT648,STN536,Central Valley,2027-06-18 12:00:00,2027-06-18 15:00:00,2027-06-20 03:00:00,yellow,fog,issued,20,0,15688
ALT649,STN543,Highlands,2027-06-19 00:00:00,2027-06-19 04:00:00,2027-06-20 21:00:00,amber,heat,expired,31,22,25419
ALT650,STN550,East Plains,2027-06-19 12:00:00,2027-06-19 17:00:00,2027-06-21 15:00:00,red,thunderstorm,cancelled,42,25,35150
ALT651,STN557,South Coast,2027-06-20 00:00:00,2027-06-20 06:00:00,2027-06-22 09:00:00,yellow,wind,issued,53,0,44881
ALT652,STN564,Western Hills,2027-06-20 12:00:00,2027-06-20 19:00:00,2027-06-23 03:00:00,amber,snow,expired,64,31,54612
ALT653,STN571,North Coast,2027-06-21 00:00:00,2027-06-21 08:00:00,2027-06-21 21:00:00,red,rain,cancelled,75,34,64343
ALT654,STN578,Central Valley,2027-06-21 12:00:00,2027-06-21 21:00:00,2027-06-22 15:00:00,yellow,ice,issued,86,0,74074
ALT655,STN585,Highlands,2027-06-22 00:00:00,2027-06-22 10:00:00,2027-06-23 09:00:00,amber,fog,expired,97,5,83805
ALT656,STN592,East Plains,2027-06-22 12:00:00,2027-06-22 23:00:00,2027-06-24 03:00:00,red,heat,cancelled,27,8,93536
ALT657,STN599,South Coast,2027-06-23 00:00:00,2027-06-23 03:00:00,2027-06-24 12:00:00,yellow,thunderstorm,issued,38,0,103267
ALT658,STN606,Western Hills,2027-06-23 12:00:00,2027-06-23 16:00:00,2027-06-25 06:00:00,amber,wind,expired,49,14,112998
ALT659,STN613,North Coast,2027-06-24 00:00:00,2027-06-24 05:00:00,2027-06-26 00:00:00,red,snow,cancelled,60,17,122729
ALT660,STN620,Central Valley,2027-06-24 12:00:00,2027-06-24 18:00:00,2027-06-26 18:00:00,yellow,rain,issued,71,0,132460
ALT661,STN627,Highlands,2027-06-25 00:00:00,2027-06-25 07:00:00,2027-06-27 12:00:00,amber,ice,expired,82,23,142191
ALT662,STN634,East Plains,2027-06-25 12:00:00,2027-06-25 20:00:00,2027-06-28 06:00:00,red,fog,cancelled,93,26,151922
ALT663,STN641,South Coast,2027-06-26 00:00:00,2027-06-26 09:00:00,2027-06-27 00:00:00,yellow,heat,issued,23,0,161653
ALT664,STN648,Western Hills,2027-06-26 12:00:00,2027-06-26 22:00:00,2027-06-27 18:00:00,amber,thunderstorm,expired,34,32,171384
ALT665,STN655,North Coast,2027-06-27 00:00:00,2027-06-27 11:00:00,2027-06-28 12:00:00,red,wind,cancelled,45,0,181115
ALT666,STN662,Central Valley,2027-06-27 12:00:00,2027-06-27 15:00:00,2027-06-28 21:00:00,yellow,snow,issued,56,0,190846
ALT667,STN669,Highlands,2027-06-28 00:00:00,2027-06-28 04:00:00,2027-06-29 15:00:00,amber,rain,expired,67,6,200577
ALT668,STN676,East Plains,2027-06-28 12:00:00,2027-06-28 17:00:00,2027-06-30 09:00:00,red,ice,cancelled,78,9,210308
ALT669,STN683,South Coast,2027-06-29 00:00:00,2027-06-29 06:00:00,2027-07-01 03:00:00,yellow,fog,issued,89,0,220039
ALT670,STN690,Western Hills,2027-06-29 12:00:00,2027-06-29 19:00:00,2027-07-01 21:00:00,amber,heat,expired,100,15,229770
ALT671,STN697,North Coast,2027-06-30 00:00:00,2027-06-30 08:00:00,2027-07-02 15:00:00,red,thunderstorm,cancelled,30,18,239501
ALT672,STN704,Central Valley,2027-06-30 12:00:00,2027-06-30 21:00:00,2027-07-01 09:00:00,yellow,wind,issued,41,0,249232
ALT673,STN711,Highlands,2027-07-01 00:00:00,2027-07-01 10:00:00,2027-07-02 03:00:00,amber,snow,expired,52,24,258963
ALT674,STN718,East Plains,2027-07-01 12:00:00,2027-07-01 23:00:00,2027-07-02 21:00:00,red,rain,cancelled,63,27,268694
ALT675,STN725,South Coast,2027-07-02 00:00:00,2027-07-02 03:00:00,2027-07-03 06:00:00,yellow,ice,issued,74,0,278425
ALT676,STN732,Western Hills,2027-07-02 12:00:00,2027-07-02 16:00:00,2027-07-04 00:00:00,amber,fog,expired,85,33,288156
ALT677,STN739,North Coast,2027-07-03 00:00:00,2027-07-03 05:00:00,2027-07-04 18:00:00,red,heat,cancelled,96,1,297887
ALT678,STN746,Central Valley,2027-07-03 12:00:00,2027-07-03 18:00:00,2027-07-05 12:00:00,yellow,thunderstorm,issued,26,0,307618
ALT679,STN753,Highlands,2027-07-04 00:00:00,2027-07-04 07:00:00,2027-07-06 06:00:00,amber,wind,expired,37,7,317349
ALT680,STN760,East Plains,2027-07-04 12:00:00,2027-07-04 20:00:00,2027-07-07 00:00:00,red,snow,cancelled,48,10,327080
ALT681,STN767,South Coast,2027-07-05 00:00:00,2027-07-05 09:00:00,2027-07-07 18:00:00,yellow,rain,issued,59,0,336811
ALT682,STN774,Western Hills,2027-07-05 12:00:00,2027-07-05 22:00:00,2027-07-06 12:00:00,amber,ice,expired,70,16,346542
ALT683,STN781,North Coast,2027-07-06 00:00:00,2027-07-06 11:00:00,2027-07-07 06:00:00,red,fog,cancelled,81,19,356273
ALT684,STN788,Central Valley,2027-07-06 12:00:00,2027-07-06 15:00:00,2027-07-07 15:00:00,yellow,heat,issued,92,0,366004
ALT685,STN795,Highlands,2027-07-07 00:00:00,2027-07-07 04:00:00,2027-07-08 09:00:00,amber,thunderstorm,expired,22,25,375735
ALT686,STN802,East Plains,2027-07-07 12:00:00,2027-07-07 17:00:00,2027-07-09 03:00:00,red,wind,cancelled,33,28,385466
ALT687,STN809,South Coast,2027-07-08 00:00:00,2027-07-08 06:00:00,2027-07-09 21:00:00,yellow,snow,issued,44,0,395197
ALT688,STN816,Western Hills,2027-07-08 12:00:00,2027-07-08 19:00:00,2027-07-10 15:00:00,amber,rain,expired,55,34,404928
ALT689,STN823,North Coast,2027-07-09 00:00:00,2027-07-09 08:00:00,2027-07-11 09:00:00,red,ice,cancelled,66,2,414659
ALT690,STN830,Central Valley,2027-07-09 12:00:00,2027-07-09 21:00:00,2027-07-12 03:00:00,yellow,fog,issued,77,0,424390
ALT691,STN837,Highlands,2027-07-10 00:00:00,2027-07-10 10:00:00,2027-07-12 21:00:00,amber,heat,expired,88,8,434121
ALT692,STN844,East Plains,2027-07-10 12:00:00,2027-07-10 23:00:00,2027-07-11 15:00:00,red,thunderstorm,cancelled,99,11,443852
ALT693,STN851,South Coast,2027-07-11 00:00:00,2027-07-11 03:00:00,2027-07-12 00:00:00,yellow,wind,issued,29,0,453583
ALT694,STN858,Western Hills,2027-07-11 12:00:00,2027-07-11 16:00:00,2027-07-12 18:00:00,amber,snow,expired,40,17,463314
ALT695,STN865,North Coast,2027-07-12 00:00:00,2027-07-12 05:00:00,2027-07-13 12:00:00,red,rain,cancelled,51,20,473045
ALT696,STN872,Central Valley,2027-07-12 12:00:00,2027-07-12 18:00:00,2027-07-14 06:00:00,yellow,ice,issued,62,0,482776
ALT697,STN879,Highlands,2027-07-13 00:00:00,2027-07-13 07:00:00,2027-07-15 00:00:00,amber,fog,expired,73,26,492507
ALT698,STN886,East Plains,2027-07-13 12:00:00,2027-07-13 20:00:00,2027-07-15 18:00:00,red,heat,cancelled,84,29,17238
ALT699,STN893,South Coast,2027-07-14 00:00:00,2027-07-14 09:00:00,2027-07-16 12:00:00,yellow,thunderstorm,issued,95,0,26969
ALT700,STN900,Western Hills,2027-07-14 12:00:00,2027-07-14 22:00:00,2027-07-17 06:00:00,amber,wind,expired,25,0,36700
ALT701,STN907,North Coast,2027-07-15 00:00:00,2027-07-15 11:00:00,2027-07-16 00:00:00,red,snow,cancelled,36,3,46431
ALT702,STN914,Central Valley,2027-07-15 12:00:00,2027-07-15 15:00:00,2027-07-16 09:00:00,yellow,rain,issued,47,0,56162
ALT703,STN921,Highlands,2027-07-16 00:00:00,2027-07-16 04:00:00,2027-07-17 03:00:00,amber,ice,expired,58,9,65893
ALT704,STN928,East Plains,2027-07-16 12:00:00,2027-07-16 17:00:00,2027-07-17 21:00:00,red,fog,cancelled,69,12,75624
ALT705,STN935,South Coast,2027-07-17 00:00:00,2027-07-17 06:00:00,2027-07-18 15:00:00,yellow,heat,issued,80,0,85355
ALT706,STN942,Western Hills,2027-07-17 12:00:00,2027-07-17 19:00:00,2027-07-19 09:00:00,amber,thunderstorm,expired,91,18,95086
ALT707,STN949,North Coast,2027-07-18 00:00:00,2027-07-18 08:00:00,2027-07-20 03:00:00,red,wind,cancelled,21,21,104817
ALT708,STN956,Central Valley,2027-07-18 12:00:00,2027-07-18 21:00:00,2027-07-20 21:00:00,yellow,snow,issued,32,0,114548
ALT709,STN963,Highlands,2027-07-19 00:00:00,2027-07-19 10:00:00,2027-07-21 15:00:00,amber,rain,expired,43,27,124279
ALT710,STN970,East Plains,2027-07-19 12:00:00,2027-07-19 23:00:00,2027-07-22 09:00:00,red,ice,cancelled,54,30,134010
ALT711,STN977,South Coast,2027-07-20 00:00:00,2027-07-20 03:00:00,2027-07-20 18:00:00,yellow,fog,issued,65,0,143741
ALT712,STN984,Western Hills,2027-07-20 12:00:00,2027-07-20 16:00:00,2027-07-21 12:00:00,amber,heat,expired,76,1,153472
ALT713,STN991,North Coast,2027-07-21 00:00:00,2027-07-21 05:00:00,2027-07-22 06:00:00,red,thunderstorm,cancelled,87,4,163203
ALT714,STN998,Central Valley,2027-07-21 12:00:00,2027-07-21 18:00:00,2027-07-23 00:00:00,yellow,wind,issued,98,0,172934
ALT715,STN005,South Coast,2027-07-22 00:00:00,2027-07-22 07:00:00,2027-07-23 18:00:00,amber,snow,expired,28,10,182665
ALT716,STN012,Western Hills,2027-07-22 12:00:00,2027-07-22 20:00:00,2027-07-24 12:00:00,red,rain,cancelled,39,13,192396
ALT717,STN019,North Coast,2027-07-23 00:00:00,2027-07-23 09:00:00,2027-07-25 06:00:00,yellow,ice,issued,50,0,202127
ALT718,STN026,Central Valley,2027-07-23 12:00:00,2027-07-23 22:00:00,2027-07-26 00:00:00,amber,fog,expired,61,19,211858
ALT719,STN033,Highlands,2027-07-24 00:00:00,2027-07-24 11:00:00,2027-07-26 18:00:00,red,heat,cancelled,72,22,221589
ALT720,STN040,East Plains,2027-07-24 12:00:00,2027-07-24 15:00:00,2027-07-25 03:00:00,yellow,thunderstorm,issued,83,0,231320
ALT721,STN047,South Coast,2027-07-25 00:00:00,2027-07-25 04:00:00,2027-07-25 21:00:00,amber,wind,expired,94,28,241051
ALT722,STN054,Western Hills,2027-07-25 12:00:00,2027-07-25 17:00:00,2027-07-26 15:00:00,red,snow,cancelled,24,31,250782
ALT723,STN061,North Coast,2027-07-26 00:00:00,2027-07-26 06:00:00,2027-07-27 09:00:00,yellow,rain,issued,35,0,260513
ALT724,STN068,Central Valley,2027-07-26 12:00:00,2027-07-26 19:00:00,2027-07-28 03:00:00,amber,ice,expired,46,2,270244
ALT725,STN075,Highlands,2027-07-27 00:00:00,2027-07-27 08:00:00,2027-07-28 21:00:00,red,fog,cancelled,57,5,279975
ALT726,STN082,East Plains,2027-07-27 12:00:00,2027-07-27 21:00:00,2027-07-29 15:00:00,yellow,heat,issued,68,0,289706
ALT727,STN089,South Coast,2027-07-28 00:00:00,2027-07-28 10:00:00,2027-07-30 09:00:00,amber,thunderstorm,expired,79,11,299437
ALT728,STN096,Western Hills,2027-07-28 12:00:00,2027-07-28 23:00:00,2027-07-31 03:00:00,red,wind,cancelled,90,14,309168
ALT729,STN103,North Coast,2027-07-29 00:00:00,2027-07-29 03:00:00,2027-07-31 12:00:00,yellow,snow,issued,20,0,318899
ALT730,STN110,Central Valley,2027-07-29 12:00:00,2027-07-29 16:00:00,2027-07-30 06:00:00,amber,rain,expired,31,20,328630
ALT731,STN117,Highlands,2027-07-30 00:00:00,2027-07-30 05:00:00,2027-07-31 00:00:00,red,ice,cancelled,42,23,338361
ALT732,STN124,East Plains,2027-07-30 12:00:00,2027-07-30 18:00:00,2027-07-31 18:00:00,yellow,fog,issued,53,0,348092
ALT733,STN131,South Coast,2027-07-31 00:00:00,2027-07-31 07:00:00,2027-08-01 12:00:00,amber,heat,expired,64,29,357823
ALT734,STN138,Western Hills,2027-07-31 12:00:00,2027-07-31 20:00:00,2027-08-02 06:00:00,red,thunderstorm,cancelled,75,32,367554
ALT735,STN145,North Coast,2027-08-01 00:00:00,2027-08-01 09:00:00,2027-08-03 00:00:00,yellow,wind,issued,86,0,377285
ALT736,STN152,Central Valley,2027-08-01 12:00:00,2027-08-01 22:00:00,2027-08-03 18:00:00,amber,snow,expired,97,3,387016
ALT737,STN159,Highlands,2027-08-02 00:00:00,2027-08-02 11:00:00,2027-08-04 12:00:00,red,rain,cancelled,27,6,396747
ALT738,STN166,East Plains,2027-08-02 12:00:00,2027-08-02 15:00:00,2027-08-04 21:00:00,yellow,ice,issued,38,0,406478
ALT739,STN173,South Coast,2027-08-03 00:00:00,2027-08-03 04:00:00,2027-08-05 15:00:00,amber,fog,expired,49,12,416209
ALT740,STN180,Western Hills,2027-08-03 12:00:00,2027-08-03 17:00:00,2027-08-04 09:00:00,red,heat,cancelled,60,15,425940
ALT741,STN187,North Coast,2027-08-04 00:00:00,2027-08-04 06:00:00,2027-08-05 03:00:00,yellow,thunderstorm,issued,71,0,435671
ALT742,STN194,Central Valley,2027-08-04 12:00:00,2027-08-04 19:00:00,2027-08-05 21:00:00,amber,wind,expired,82,21,445402
ALT743,STN201,Highlands,2027-08-05 00:00:00,2027-08-05 08:00:00,2027-08-06 15:00:00,red,snow,cancelled,93,24,455133
ALT744,STN208,East Plains,2027-08-05 12:00:00,2027-08-05 21:00:00,2027-08-07 09:00:00,yellow,rain,issued,23,0,464864
ALT745,STN215,South Coast,2027-08-06 00:00:00,2027-08-06 10:00:00,2027-08-08 03:00:00,amber,ice,expired,34,30,474595
ALT746,STN222,Western Hills,2027-08-06 12:00:00,2027-08-06 23:00:00,2027-08-08 21:00:00,red,fog,cancelled,45,33,484326
ALT747,STN229,North Coast,2027-08-07 00:00:00,2027-08-07 03:00:00,2027-08-09 06:00:00,yellow,heat,issued,56,0,494057
ALT748,STN236,Central Valley,2027-08-07 12:00:00,2027-08-07 16:00:00,2027-08-10 00:00:00,amber,thunderstorm,expired,67,4,18788
ALT749,STN243,Highlands,2027-08-08 00:00:00,2027-08-08 05:00:00,2027-08-08 18:00:00,red,wind,cancelled,78,7,28519
ALT750,STN250,East Plains,2027-08-08 12:00:00,2027-08-08 18:00:00,2027-08-09 12:00:00,yellow,snow,issued,89,0,38250
ALT751,STN257,South Coast,2027-08-09 00:00:00,2027-08-09 07:00:00,2027-08-10 06:00:00,amber,rain,expired,100,13,47981
ALT752,STN264,Western Hills,2027-08-09 12:00:00,2027-08-09 20:00:00,2027-08-11 00:00:00,red,ice,cancelled,30,16,57712
ALT753,STN271,North Coast,2027-08-10 00:00:00,2027-08-10 09:00:00,2027-08-11 18:00:00,yellow,fog,issued,41,0,67443
ALT754,STN278,Central Valley,2027-08-10 12:00:00,2027-08-10 22:00:00,2027-08-12 12:00:00,amber,heat,expired,52,22,77174
ALT755,STN285,Highlands,2027-08-11 00:00:00,2027-08-11 11:00:00,2027-08-13 06:00:00,red,thunderstorm,cancelled,63,25,86905
ALT756,STN292,East Plains,2027-08-11 12:00:00,2027-08-11 15:00:00,2027-08-13 15:00:00,yellow,wind,issued,74,0,96636
ALT757,STN299,South Coast,2027-08-12 00:00:00,2027-08-12 04:00:00,2027-08-14 09:00:00,amber,snow,expired,85,31,106367
ALT758,STN306,Western Hills,2027-08-12 12:00:00,2027-08-12 17:00:00,2027-08-15 03:00:00,red,rain,cancelled,96,34,116098
ALT759,STN313,North Coast,2027-08-13 00:00:00,2027-08-13 06:00:00,2027-08-13 21:00:00,yellow,ice,issued,26,0,125829
ALT760,STN320,Central Valley,2027-08-13 12:00:00,2027-08-13 19:00:00,2027-08-14 15:00:00,amber,fog,expired,37,5,135560
ALT761,STN327,Highlands,2027-08-14 00:00:00,2027-08-14 08:00:00,2027-08-15 09:00:00,red,heat,cancelled,48,8,145291
ALT762,STN334,East Plains,2027-08-14 12:00:00,2027-08-14 21:00:00,2027-08-16 03:00:00,yellow,thunderstorm,issued,59,0,155022
ALT763,STN341,South Coast,2027-08-15 00:00:00,2027-08-15 10:00:00,2027-08-16 21:00:00,amber,wind,expired,70,14,164753
ALT764,STN348,Western Hills,2027-08-15 12:00:00,2027-08-15 23:00:00,2027-08-17 15:00:00,red,snow,cancelled,81,17,174484
ALT765,STN355,North Coast,2027-08-16 00:00:00,2027-08-16 03:00:00,2027-08-18 00:00:00,yellow,rain,issued,92,0,184215
ALT766,STN362,Central Valley,2027-08-16 12:00:00,2027-08-16 16:00:00,2027-08-18 18:00:00,amber,ice,expired,22,23,193946
ALT767,STN369,Highlands,2027-08-17 00:00:00,2027-08-17 05:00:00,2027-08-19 12:00:00,red,fog,cancelled,33,26,203677
ALT768,STN376,East Plains,2027-08-17 12:00:00,2027-08-17 18:00:00,2027-08-18 06:00:00,yellow,heat,issued,44,0,213408
ALT769,STN383,South Coast,2027-08-18 00:00:00,2027-08-18 07:00:00,2027-08-19 00:00:00,amber,thunderstorm,expired,55,32,223139
ALT770,STN390,Western Hills,2027-08-18 12:00:00,2027-08-18 20:00:00,2027-08-19 18:00:00,red,wind,cancelled,66,0,232870
ALT771,STN397,North Coast,2027-08-19 00:00:00,2027-08-19 09:00:00,2027-08-20 12:00:00,yellow,snow,issued,77,0,242601
ALT772,STN404,Central Valley,2027-08-19 12:00:00,2027-08-19 22:00:00,2027-08-21 06:00:00,amber,rain,expired,88,6,252332
ALT773,STN411,Highlands,2027-08-20 00:00:00,2027-08-20 11:00:00,2027-08-22 00:00:00,red,ice,cancelled,99,9,262063
ALT774,STN418,East Plains,2027-08-20 12:00:00,2027-08-20 15:00:00,2027-08-22 09:00:00,yellow,fog,issued,29,0,271794
ALT775,STN425,South Coast,2027-08-21 00:00:00,2027-08-21 04:00:00,2027-08-23 03:00:00,amber,heat,expired,40,15,281525
ALT776,STN432,Western Hills,2027-08-21 12:00:00,2027-08-21 17:00:00,2027-08-23 21:00:00,red,thunderstorm,cancelled,51,18,291256
ALT777,STN439,North Coast,2027-08-22 00:00:00,2027-08-22 06:00:00,2027-08-24 15:00:00,yellow,wind,issued,62,0,300987
ALT778,STN446,Central Valley,2027-08-22 12:00:00,2027-08-22 19:00:00,2027-08-23 09:00:00,amber,snow,expired,73,24,310718
ALT779,STN453,Highlands,2027-08-23 00:00:00,2027-08-23 08:00:00,2027-08-24 03:00:00,red,rain,cancelled,84,27,320449
ALT780,STN460,East Plains,2027-08-23 12:00:00,2027-08-23 21:00:00,2027-08-24 21:00:00,yellow,ice,issued,95,0,330180
ALT781,STN467,South Coast,2027-08-24 00:00:00,2027-08-24 10:00:00,2027-08-25 15:00:00,amber,fog,expired,25,33,339911
ALT782,STN474,Western Hills,2027-08-24 12:00:00,2027-08-24 23:00:00,2027-08-26 09:00:00,red,heat,cancelled,36,1,349642
ALT783,STN481,North Coast,2027-08-25 00:00:00,2027-08-25 03:00:00,2027-08-26 18:00:00,yellow,thunderstorm,issued,47,0,359373
ALT784,STN488,Central Valley,2027-08-25 12:00:00,2027-08-25 16:00:00,2027-08-27 12:00:00,amber,wind,expired,58,7,369104
ALT785,STN495,Highlands,2027-08-26 00:00:00,2027-08-26 05:00:00,2027-08-28 06:00:00,red,snow,cancelled,69,10,378835
ALT786,STN502,East Plains,2027-08-26 12:00:00,2027-08-26 18:00:00,2027-08-29 00:00:00,yellow,rain,issued,80,0,388566
ALT787,STN509,South Coast,2027-08-27 00:00:00,2027-08-27 07:00:00,2027-08-29 18:00:00,amber,ice,expired,91,16,398297
ALT788,STN516,Western Hills,2027-08-27 12:00:00,2027-08-27 20:00:00,2027-08-28 12:00:00,red,fog,cancelled,21,19,408028
ALT789,STN523,North Coast,2027-08-28 00:00:00,2027-08-28 09:00:00,2027-08-29 06:00:00,yellow,heat,issued,32,0,417759
ALT790,STN530,Central Valley,2027-08-28 12:00:00,2027-08-28 22:00:00,2027-08-30 00:00:00,amber,thunderstorm,expired,43,25,427490
ALT791,STN537,Highlands,2027-08-29 00:00:00,2027-08-29 11:00:00,2027-08-30 18:00:00,red,wind,cancelled,54,28,437221
ALT792,STN544,East Plains,2027-08-29 12:00:00,2027-08-29 15:00:00,2027-08-31 03:00:00,yellow,snow,issued,65,0,446952
ALT793,STN551,South Coast,2027-08-30 00:00:00,2027-08-30 04:00:00,2027-08-31 21:00:00,amber,rain,expired,76,34,456683
ALT794,STN558,Western Hills,2027-08-30 12:00:00,2027-08-30 17:00:00,2027-09-01 15:00:00,red,ice,cancelled,87,2,466414
ALT795,STN565,North Coast,2027-08-31 00:00:00,2027-08-31 06:00:00,2027-09-02 09:00:00,yellow,fog,issued,98,0,476145
ALT796,STN572,Central Valley,2027-08-31 12:00:00,2027-08-31 19:00:00,2027-09-03 03:00:00,amber,heat,expired,28,8,485876
ALT797,STN579,Highlands,2027-09-01 00:00:00,2027-09-01 08:00:00,2027-09-01 21:00:00,red,thunderstorm,cancelled,39,11,495607
ALT798,STN586,East Plains,2027-09-01 12:00:00,2027-09-01 21:00:00,2027-09-02 15:00:00,yellow,wind,issued,50,0,20338
ALT799,STN593,South Coast,2027-09-02 00:00:00,2027-09-02 10:00:00,2027-09-03 09:00:00,amber,snow,expired,61,17,30069
ALT800,STN600,Western Hills,2027-09-02 12:00:00,2027-09-02 23:00:00,2027-09-04 03:00:00,red,rain,cancelled,72,20,39800
ALT801,STN607,North Coast,2027-09-03 00:00:00,2027-09-03 03:00:00,2027-09-04 12:00:00,yellow,ice,issued,83,0,49531
ALT802,STN614,Central Valley,2027-09-03 12:00:00,2027-09-03 16:00:00,2027-09-05 06:00:00,amber,fog,expired,94,26,59262
ALT803,STN621,Highlands,2027-09-04 00:00:00,2027-09-04 05:00:00,2027-09-06 00:00:00,red,heat,cancelled,24,29,68993
ALT804,STN628,East Plains,2027-09-04 12:00:00,2027-09-04 18:00:00,2027-09-06 18:00:00,yellow,thunderstorm,issued,35,0,78724
ALT805,STN635,South Coast,2027-09-05 00:00:00,2027-09-05 07:00:00,2027-09-07 12:00:00,amber,wind,expired,46,0,88455
ALT806,STN642,Western Hills,2027-09-05 12:00:00,2027-09-05 20:00:00,2027-09-08 06:00:00,red,snow,cancelled,57,3,98186
ALT807,STN649,North Coast,2027-09-06 00:00:00,2027-09-06 09:00:00,2027-09-07 00:00:00,yellow,rain,issued,68,0,107917
ALT808,STN656,Central Valley,2027-09-06 12:00:00,2027-09-06 22:00:00,2027-09-07 18:00:00,amber,ice,expired,79,9,117648
ALT809,STN663,Highlands,2027-09-07 00:00:00,2027-09-07 11:00:00,2027-09-08 12:00:00,red,fog,cancelled,90,12,127379
ALT810,STN670,East Plains,2027-09-07 12:00:00,2027-09-07 15:00:00,2027-09-08 21:00:00,yellow,heat,issued,20,0,137110
ALT811,STN677,South Coast,2027-09-08 00:00:00,2027-09-08 04:00:00,2027-09-09 15:00:00,amber,thunderstorm,expired,31,18,146841
ALT812,STN684,Western Hills,2027-09-08 12:00:00,2027-09-08 17:00:00,2027-09-10 09:00:00,red,wind,cancelled,42,21,156572
ALT813,STN691,North Coast,2027-09-09 00:00:00,2027-09-09 06:00:00,2027-09-11 03:00:00,yellow,snow,issued,53,0,166303
ALT814,STN698,Central Valley,2027-09-09 12:00:00,2027-09-09 19:00:00,2027-09-11 21:00:00,amber,rain,expired,64,27,176034
ALT815,STN705,Highlands,2027-09-10 00:00:00,2027-09-10 08:00:00,2027-09-12 15:00:00,red,ice,cancelled,75,30,185765
ALT816,STN712,East Plains,2027-09-10 12:00:00,2027-09-10 21:00:00,2027-09-11 09:00:00,yellow,fog,issued,86,0,195496
ALT817,STN719,South Coast,2027-09-11 00:00:00,2027-09-11 10:00:00,2027-09-12 03:00:00,amber,heat,expired,97,1,205227
ALT818,STN726,Western Hills,2027-09-11 12:00:00,2027-09-11 23:00:00,2027-09-12 21:00:00,red,thunderstorm,cancelled,27,4,214958
ALT819,STN733,North Coast,2027-09-12 00:00:00,2027-09-12 03:00:00,2027-09-13 06:00:00,yellow,wind,issued,38,0,224689
ALT820,STN740,Central Valley,2027-09-12 12:00:00,2027-09-12 16:00:00,2027-09-14 00:00:00,amber,snow,expired,49,10,234420
ALT821,STN747,Highlands,2027-09-13 00:00:00,2027-09-13 05:00:00,2027-09-14 18:00:00,red,rain,cancelled,60,13,244151
ALT822,STN754,East Plains,2027-09-13 12:00:00,2027-09-13 18:00:00,2027-09-15 12:00:00,yellow,ice,issued,71,0,253882
ALT823,STN761,South Coast,2027-09-14 00:00:00,2027-09-14 07:00:00,2027-09-16 06:00:00,amber,fog,expired,82,19,263613
ALT824,STN768,Western Hills,2027-09-14 12:00:00,2027-09-14 20:00:00,2027-09-17 00:00:00,red,heat,cancelled,93,22,273344
ALT825,STN775,North Coast,2027-09-15 00:00:00,2027-09-15 09:00:00,2027-09-17 18:00:00,yellow,thunderstorm,issued,23,0,283075
ALT826,STN782,Central Valley,2027-09-15 12:00:00,2027-09-15 22:00:00,2027-09-16 12:00:00,amber,wind,expired,34,28,292806
ALT827,STN789,Highlands,2027-09-16 00:00:00,2027-09-16 11:00:00,2027-09-17 06:00:00,red,snow,cancelled,45,31,302537
ALT828,STN796,East Plains,2027-09-16 12:00:00,2027-09-16 15:00:00,2027-09-17 15:00:00,yellow,rain,issued,56,0,312268
ALT829,STN803,South Coast,2027-09-17 00:00:00,2027-09-17 04:00:00,2027-09-18 09:00:00,amber,ice,expired,67,2,321999
ALT830,STN810,Western Hills,2027-09-17 12:00:00,2027-09-17 17:00:00,2027-09-19 03:00:00,red,fog,cancelled,78,5,331730
ALT831,STN817,North Coast,2027-09-18 00:00:00,2027-09-18 06:00:00,2027-09-19 21:00:00,yellow,heat,issued,89,0,341461
ALT832,STN824,Central Valley,2027-09-18 12:00:00,2027-09-18 19:00:00,2027-09-20 15:00:00,amber,thunderstorm,expired,100,11,351192
ALT833,STN831,Highlands,2027-09-19 00:00:00,2027-09-19 08:00:00,2027-09-21 09:00:00,red,wind,cancelled,30,14,360923
ALT834,STN838,East Plains,2027-09-19 12:00:00,2027-09-19 21:00:00,2027-09-22 03:00:00,yellow,snow,issued,41,0,370654
ALT835,STN845,South Coast,2027-09-20 00:00:00,2027-09-20 10:00:00,2027-09-22 21:00:00,amber,rain,expired,52,20,380385
ALT836,STN852,Western Hills,2027-09-20 12:00:00,2027-09-20 23:00:00,2027-09-21 15:00:00,red,ice,cancelled,63,23,390116
ALT837,STN859,North Coast,2027-09-21 00:00:00,2027-09-21 03:00:00,2027-09-22 00:00:00,yellow,fog,issued,74,0,399847
ALT838,STN866,Central Valley,2027-09-21 12:00:00,2027-09-21 16:00:00,2027-09-22 18:00:00,amber,heat,expired,85,29,409578
ALT839,STN873,Highlands,2027-09-22 00:00:00,2027-09-22 05:00:00,2027-09-23 12:00:00,red,thunderstorm,cancelled,96,32,419309
ALT840,STN880,East Plains,2027-09-22 12:00:00,2027-09-22 18:00:00,2027-09-24 06:00:00,yellow,wind,issued,26,0,429040
ALT841,STN887,South Coast,2027-09-23 00:00:00,2027-09-23 07:00:00,2027-09-25 00:00:00,amber,snow,expired,37,3,438771
ALT842,STN894,Western Hills,2027-09-23 12:00:00,2027-09-23 20:00:00,2027-09-25 18:00:00,red,rain,cancelled,48,6,448502
ALT843,STN901,North Coast,2027-09-24 00:00:00,2027-09-24 09:00:00,2027-09-26 12:00:00,yellow,ice,issued,59,0,458233
ALT844,STN908,Central Valley,2027-09-24 12:00:00,2027-09-24 22:00:00,2027-09-27 06:00:00,amber,fog,expired,70,12,467964
ALT845,STN915,Highlands,2027-09-25 00:00:00,2027-09-25 11:00:00,2027-09-26 00:00:00,red,heat,cancelled,81,15,477695
ALT846,STN922,East Plains,2027-09-25 12:00:00,2027-09-25 15:00:00,2027-09-26 09:00:00,yellow,thunderstorm,issued,92,0,487426
ALT847,STN929,South Coast,2027-09-26 00:00:00,2027-09-26 04:00:00,2027-09-27 03:00:00,amber,wind,expired,22,21,497157
ALT848,STN936,Western Hills,2027-09-26 12:00:00,2027-09-26 17:00:00,2027-09-27 21:00:00,red,snow,cancelled,33,24,21888
ALT849,STN943,North Coast,2027-09-27 00:00:00,2027-09-27 06:00:00,2027-09-28 15:00:00,yellow,rain,issued,44,0,31619
ALT850,STN950,Central Valley,2027-09-27 12:00:00,2027-09-27 19:00:00,2027-09-29 09:00:00,amber,ice,expired,55,30,41350
ALT851,STN957,Highlands,2027-09-28 00:00:00,2027-09-28 08:00:00,2027-09-30 03:00:00,red,fog,cancelled,66,33,51081
ALT852,STN964,East Plains,2027-09-28 12:00:00,2027-09-28 21:00:00,2027-09-30 21:00:00,yellow,heat,issued,77,0,60812
ALT853,STN971,South Coast,2027-09-29 00:00:00,2027-09-29 10:00:00,2027-10-01 15:00:00,amber,thunderstorm,expired,88,4,70543
ALT854,STN978,Western Hills,2027-09-29 12:00:00,2027-09-29 23:00:00,2027-10-02 09:00:00,red,wind,cancelled,99,7,80274
ALT855,STN985,North Coast,2027-09-30 00:00:00,2027-09-30 03:00:00,2027-09-30 18:00:00,yellow,snow,issued,29,0,90005
ALT856,STN992,Central Valley,2027-09-30 12:00:00,2027-09-30 16:00:00,2027-10-01 12:00:00,amber,rain,expired,40,13,99736
ALT857,STN999,Highlands,2027-10-01 00:00:00,2027-10-01 05:00:00,2027-10-02 06:00:00,red,ice,cancelled,51,16,109467
ALT858,STN006,Western Hills,2027-10-01 12:00:00,2027-10-01 18:00:00,2027-10-03 00:00:00,yellow,fog,issued,62,0,119198
ALT859,STN013,North Coast,2027-10-02 00:00:00,2027-10-02 07:00:00,2027-10-03 18:00:00,amber,heat,expired,73,22,128929
ALT860,STN020,Central Valley,2027-10-02 12:00:00,2027-10-02 20:00:00,2027-10-04 12:00:00,red,thunderstorm,cancelled,84,25,138660
ALT861,STN027,Highlands,2027-10-03 00:00:00,2027-10-03 09:00:00,2027-10-05 06:00:00,yellow,wind,issued,95,0,148391
ALT862,STN034,East Plains,2027-10-03 12:00:00,2027-10-03 22:00:00,2027-10-06 00:00:00,amber,snow,expired,25,31,158122
ALT863,STN041,South Coast,2027-10-04 00:00:00,2027-10-04 11:00:00,2027-10-06 18:00:00,red,rain,cancelled,36,34,167853
ALT864,STN048,Western Hills,2027-10-04 12:00:00,2027-10-04 15:00:00,2027-10-05 03:00:00,yellow,ice,issued,47,0,177584
ALT865,STN055,North Coast,2027-10-05 00:00:00,2027-10-05 04:00:00,2027-10-05 21:00:00,amber,fog,expired,58,5,187315
ALT866,STN062,Central Valley,2027-10-05 12:00:00,2027-10-05 17:00:00,2027-10-06 15:00:00,red,heat,cancelled,69,8,197046
ALT867,STN069,Highlands,2027-10-06 00:00:00,2027-10-06 06:00:00,2027-10-07 09:00:00,yellow,thunderstorm,issued,80,0,206777
ALT868,STN076,East Plains,2027-10-06 12:00:00,2027-10-06 19:00:00,2027-10-08 03:00:00,amber,wind,expired,91,14,216508
ALT869,STN083,South Coast,2027-10-07 00:00:00,2027-10-07 08:00:00,2027-10-08 21:00:00,red,snow,cancelled,21,17,226239
ALT870,STN090,Western Hills,2027-10-07 12:00:00,2027-10-07 21:00:00,2027-10-09 15:00:00,yellow,rain,issued,32,0,235970
ALT871,STN097,North Coast,2027-10-08 00:00:00,2027-10-08 10:00:00,2027-10-10 09:00:00,amber,ice,expired,43,23,245701
ALT872,STN104,Central Valley,2027-10-08 12:00:00,2027-10-08 23:00:00,2027-10-11 03:00:00,red,fog,cancelled,54,26,255432
ALT873,STN111,Highlands,2027-10-09 00:00:00,2027-10-09 03:00:00,2027-10-11 12:00:00,yellow,heat,issued,65,0,265163
ALT874,STN118,East Plains,2027-10-09 12:00:00,2027-10-09 16:00:00,2027-10-10 06:00:00,amber,thunderstorm,expired,76,32,274894
ALT875,STN125,South Coast,2027-10-10 00:00:00,2027-10-10 05:00:00,2027-10-11 00:00:00,red,wind,cancelled,87,0,284625
ALT876,STN132,Western Hills,2027-10-10 12:00:00,2027-10-10 18:00:00,2027-10-11 18:00:00,yellow,snow,issued,98,0,294356
ALT877,STN139,North Coast,2027-10-11 00:00:00,2027-10-11 07:00:00,2027-10-12 12:00:00,amber,rain,expired,28,6,304087
ALT878,STN146,Central Valley,2027-10-11 12:00:00,2027-10-11 20:00:00,2027-10-13 06:00:00,red,ice,cancelled,39,9,313818
ALT879,STN153,Highlands,2027-10-12 00:00:00,2027-10-12 09:00:00,2027-10-14 00:00:00,yellow,fog,issued,50,0,323549
ALT880,STN160,East Plains,2027-10-12 12:00:00,2027-10-12 22:00:00,2027-10-14 18:00:00,amber,heat,expired,61,15,333280
ALT881,STN167,South Coast,2027-10-13 00:00:00,2027-10-13 11:00:00,2027-10-15 12:00:00,red,thunderstorm,cancelled,72,18,343011
ALT882,STN174,Western Hills,2027-10-13 12:00:00,2027-10-13 15:00:00,2027-10-15 21:00:00,yellow,wind,issued,83,0,352742
ALT883,STN181,North Coast,2027-10-14 00:00:00,2027-10-14 04:00:00,2027-10-16 15:00:00,amber,snow,expired,94,24,362473
ALT884,STN188,Central Valley,2027-10-14 12:00:00,2027-10-14 17:00:00,2027-10-15 09:00:00,red,rain,cancelled,24,27,372204
ALT885,STN195,Highlands,2027-10-15 00:00:00,2027-10-15 06:00:00,2027-10-16 03:00:00,yellow,ice,issued,35,0,381935
ALT886,STN202,East Plains,2027-10-15 12:00:00,2027-10-15 19:00:00,2027-10-16 21:00:00,amber,fog,expired,46,33,391666
ALT887,STN209,South Coast,2027-10-16 00:00:00,2027-10-16 08:00:00,2027-10-17 15:00:00,red,heat,cancelled,57,1,401397
ALT888,STN216,Western Hills,2027-10-16 12:00:00,2027-10-16 21:00:00,2027-10-18 09:00:00,yellow,thunderstorm,issued,68,0,411128
ALT889,STN223,North Coast,2027-10-17 00:00:00,2027-10-17 10:00:00,2027-10-19 03:00:00,amber,wind,expired,79,7,420859
ALT890,STN230,Central Valley,2027-10-17 12:00:00,2027-10-17 23:00:00,2027-10-19 21:00:00,red,snow,cancelled,90,10,430590
ALT891,STN237,Highlands,2027-10-18 00:00:00,2027-10-18 03:00:00,2027-10-20 06:00:00,yellow,rain,issued,20,0,440321
ALT892,STN244,East Plains,2027-10-18 12:00:00,2027-10-18 16:00:00,2027-10-21 00:00:00,amber,ice,expired,31,16,450052
ALT893,STN251,South Coast,2027-10-19 00:00:00,2027-10-19 05:00:00,2027-10-19 18:00:00,red,fog,cancelled,42,19,459783
ALT894,STN258,Western Hills,2027-10-19 12:00:00,2027-10-19 18:00:00,2027-10-20 12:00:00,yellow,heat,issued,53,0,469514
ALT895,STN265,North Coast,2027-10-20 00:00:00,2027-10-20 07:00:00,2027-10-21 06:00:00,amber,thunderstorm,expired,64,25,479245
ALT896,STN272,Central Valley,2027-10-20 12:00:00,2027-10-20 20:00:00,2027-10-22 00:00:00,red,wind,cancelled,75,28,488976
ALT897,STN279,Highlands,2027-10-21 00:00:00,2027-10-21 09:00:00,2027-10-22 18:00:00,yellow,snow,issued,86,0,498707
ALT898,STN286,East Plains,2027-10-21 12:00:00,2027-10-21 22:00:00,2027-10-23 12:00:00,amber,rain,expired,97,34,23438
ALT899,STN293,South Coast,2027-10-22 00:00:00,2027-10-22 11:00:00,2027-10-24 06:00:00,red,ice,cancelled,27,2,33169
ALT900,STN300,Western Hills,2027-10-22 12:00:00,2027-10-22 15:00:00,2027-10-24 15:00:00,yellow,fog,issued,38,0,42900
ALT901,STN307,North Coast,2027-10-23 00:00:00,2027-10-23 04:00:00,2027-10-25 09:00:00,amber,heat,expired,49,8,52631
ALT902,STN314,Central Valley,2027-10-23 12:00:00,2027-10-23 17:00:00,2027-10-26 03:00:00,red,thunderstorm,cancelled,60,11,62362
ALT903,STN321,Highlands,2027-10-24 00:00:00,2027-10-24 06:00:00,2027-10-24 21:00:00,yellow,wind,issued,71,0,72093
ALT904,STN328,East Plains,2027-10-24 12:00:00,2027-10-24 19:00:00,2027-10-25 15:00:00,amber,snow,expired,82,17,81824
ALT905,STN335,South Coast,2027-10-25 00:00:00,2027-10-25 08:00:00,2027-10-26 09:00:00,red,rain,cancelled,93,20,91555
ALT906,STN342,Western Hills,2027-10-25 12:00:00,2027-10-25 21:00:00,2027-10-27 03:00:00,yellow,ice,issued,23,0,101286
ALT907,STN349,North Coast,2027-10-26 00:00:00,2027-10-26 10:00:00,2027-10-27 21:00:00,amber,fog,expired,34,26,111017
ALT908,STN356,Central Valley,2027-10-26 12:00:00,2027-10-26 23:00:00,2027-10-28 15:00:00,red,heat,cancelled,45,29,120748
ALT909,STN363,Highlands,2027-10-27 00:00:00,2027-10-27 03:00:00,2027-10-29 00:00:00,yellow,thunderstorm,issued,56,0,130479
ALT910,STN370,East Plains,2027-10-27 12:00:00,2027-10-27 16:00:00,2027-10-29 18:00:00,amber,wind,expired,67,0,140210
ALT911,STN377,South Coast,2027-10-28 00:00:00,2027-10-28 05:00:00,2027-10-30 12:00:00,red,snow,cancelled,78,3,149941
ALT912,STN384,Western Hills,2027-10-28 12:00:00,2027-10-28 18:00:00,2027-10-29 06:00:00,yellow,rain,issued,89,0,159672
ALT913,STN391,North Coast,2027-10-29 00:00:00,2027-10-29 07:00:00,2027-10-30 00:00:00,amber,ice,expired,100,9,169403
ALT914,STN398,Central Valley,2027-10-29 12:00:00,2027-10-29 20:00:00,2027-10-30 18:00:00,red,fog,cancelled,30,12,179134
ALT915,STN405,Highlands,2027-10-30 00:00:00,2027-10-30 09:00:00,2027-10-31 12:00:00,yellow,heat,issued,41,0,188865
ALT916,STN412,East Plains,2027-10-30 12:00:00,2027-10-30 22:00:00,2027-11-01 06:00:00,amber,thunderstorm,expired,52,18,198596
ALT917,STN419,South Coast,2027-10-31 00:00:00,2027-10-31 11:00:00,2027-11-02 00:00:00,red,wind,cancelled,63,21,208327
ALT918,STN426,Western Hills,2027-10-31 12:00:00,2027-10-31 15:00:00,2027-11-02 09:00:00,yellow,snow,issued,74,0,218058
ALT919,STN433,North Coast,2027-11-01 00:00:00,2027-11-01 04:00:00,2027-11-03 03:00:00,amber,rain,expired,85,27,227789
ALT920,STN440,Central Valley,2027-11-01 12:00:00,2027-11-01 17:00:00,2027-11-03 21:00:00,red,ice,cancelled,96,30,237520
ALT921,STN447,Highlands,2027-11-02 00:00:00,2027-11-02 06:00:00,2027-11-04 15:00:00,yellow,fog,issued,26,0,247251
ALT922,STN454,East Plains,2027-11-02 12:00:00,2027-11-02 19:00:00,2027-11-03 09:00:00,amber,heat,expired,37,1,256982
ALT923,STN461,South Coast,2027-11-03 00:00:00,2027-11-03 08:00:00,2027-11-04 03:00:00,red,thunderstorm,cancelled,48,4,266713
ALT924,STN468,Western Hills,2027-11-03 12:00:00,2027-11-03 21:00:00,2027-11-04 21:00:00,yellow,wind,issued,59,0,276444
ALT925,STN475,North Coast,2027-11-04 00:00:00,2027-11-04 10:00:00,2027-11-05 15:00:00,amber,snow,expired,70,10,286175
ALT926,STN482,Central Valley,2027-11-04 12:00:00,2027-11-04 23:00:00,2027-11-06 09:00:00,red,rain,cancelled,81,13,295906
ALT927,STN489,Highlands,2027-11-05 00:00:00,2027-11-05 03:00:00,2027-11-06 18:00:00,yellow,ice,issued,92,0,305637
ALT928,STN496,East Plains,2027-11-05 12:00:00,2027-11-05 16:00:00,2027-11-07 12:00:00,amber,fog,expired,22,19,315368
ALT929,STN503,South Coast,2027-11-06 00:00:00,2027-11-06 05:00:00,2027-11-08 06:00:00,red,heat,cancelled,33,22,325099
ALT930,STN510,Western Hills,2027-11-06 12:00:00,2027-11-06 18:00:00,2027-11-09 00:00:00,yellow,thunderstorm,issued,44,0,334830
ALT931,STN517,North Coast,2027-11-07 00:00:00,2027-11-07 07:00:00,2027-11-09 18:00:00,amber,wind,expired,55,28,344561
ALT932,STN524,Central Valley,2027-11-07 12:00:00,2027-11-07 20:00:00,2027-11-08 12:00:00,red,snow,cancelled,66,31,354292
ALT933,STN531,Highlands,2027-11-08 00:00:00,2027-11-08 09:00:00,2027-11-09 06:00:00,yellow,rain,issued,77,0,364023
ALT934,STN538,East Plains,2027-11-08 12:00:00,2027-11-08 22:00:00,2027-11-10 00:00:00,amber,ice,expired,88,2,373754
ALT935,STN545,South Coast,2027-11-09 00:00:00,2027-11-09 11:00:00,2027-11-10 18:00:00,red,fog,cancelled,99,5,383485
ALT936,STN552,Western Hills,2027-11-09 12:00:00,2027-11-09 15:00:00,2027-11-11 03:00:00,yellow,heat,issued,29,0,393216
ALT937,STN559,North Coast,2027-11-10 00:00:00,2027-11-10 04:00:00,2027-11-11 21:00:00,amber,thunderstorm,expired,40,11,402947
ALT938,STN566,Central Valley,2027-11-10 12:00:00,2027-11-10 17:00:00,2027-11-12 15:00:00,red,wind,cancelled,51,14,412678
ALT939,STN573,Highlands,2027-11-11 00:00:00,2027-11-11 06:00:00,2027-11-13 09:00:00,yellow,snow,issued,62,0,422409
ALT940,STN580,East Plains,2027-11-11 12:00:00,2027-11-11 19:00:00,2027-11-14 03:00:00,amber,rain,expired,73,20,432140
ALT941,STN587,South Coast,2027-11-12 00:00:00,2027-11-12 08:00:00,2027-11-12 21:00:00,red,ice,cancelled,84,23,441871
ALT942,STN594,Western Hills,2027-11-12 12:00:00,2027-11-12 21:00:00,2027-11-13 15:00:00,yellow,fog,issued,95,0,451602
ALT943,STN601,North Coast,2027-11-13 00:00:00,2027-11-13 10:00:00,2027-11-14 09:00:00,amber,heat,expired,25,29,461333
ALT944,STN608,Central Valley,2027-11-13 12:00:00,2027-11-13 23:00:00,2027-11-15 03:00:00,red,thunderstorm,cancelled,36,32,471064
ALT945,STN615,Highlands,2027-11-14 00:00:00,2027-11-14 03:00:00,2027-11-15 12:00:00,yellow,wind,issued,47,0,480795
ALT946,STN622,East Plains,2027-11-14 12:00:00,2027-11-14 16:00:00,2027-11-16 06:00:00,amber,snow,expired,58,3,490526
ALT947,STN629,South Coast,2027-11-15 00:00:00,2027-11-15 05:00:00,2027-11-17 00:00:00,red,rain,cancelled,69,6,15257
ALT948,STN636,Western Hills,2027-11-15 12:00:00,2027-11-15 18:00:00,2027-11-17 18:00:00,yellow,ice,issued,80,0,24988
ALT949,STN643,North Coast,2027-11-16 00:00:00,2027-11-16 07:00:00,2027-11-18 12:00:00,amber,fog,expired,91,12,34719
ALT950,STN650,Central Valley,2027-11-16 12:00:00,2027-11-16 20:00:00,2027-11-19 06:00:00,red,heat,cancelled,21,15,44450
ALT951,STN657,Highlands,2027-11-17 00:00:00,2027-11-17 09:00:00,2027-11-18 00:00:00,yellow,thunderstorm,issued,32,0,54181
ALT952,STN664,East Plains,2027-11-17 12:00:00,2027-11-17 22:00:00,2027-11-18 18:00:00,amber,wind,expired,43,21,63912
ALT953,STN671,South Coast,2027-11-18 00:00:00,2027-11-18 11:00:00,2027-11-19 12:00:00,red,snow,cancelled,54,24,73643
ALT954,STN678,Western Hills,2027-11-18 12:00:00,2027-11-18 15:00:00,2027-11-19 21:00:00,yellow,rain,issued,65,0,83374
ALT955,STN685,North Coast,2027-11-19 00:00:00,2027-11-19 04:00:00,2027-11-20 15:00:00,amber,ice,expired,76,30,93105
ALT956,STN692,Central Valley,2027-11-19 12:00:00,2027-11-19 17:00:00,2027-11-21 09:00:00,red,fog,cancelled,87,33,102836
ALT957,STN699,Highlands,2027-11-20 00:00:00,2027-11-20 06:00:00,2027-11-22 03:00:00,yellow,heat,issued,98,0,112567
ALT958,STN706,East Plains,2027-11-20 12:00:00,2027-11-20 19:00:00,2027-11-22 21:00:00,amber,thunderstorm,expired,28,4,122298
ALT959,STN713,South Coast,2027-11-21 00:00:00,2027-11-21 08:00:00,2027-11-23 15:00:00,red,wind,cancelled,39,7,132029
ALT960,STN720,Western Hills,2027-11-21 12:00:00,2027-11-21 21:00:00,2027-11-22 09:00:00,yellow,snow,issued,50,0,141760
ALT961,STN727,North Coast,2027-11-22 00:00:00,2027-11-22 10:00:00,2027-11-23 03:00:00,amber,rain,expired,61,13,151491
ALT962,STN734,Central Valley,2027-11-22 12:00:00,2027-11-22 23:00:00,2027-11-23 21:00:00,red,ice,cancelled,72,16,161222
ALT963,STN741,Highlands,2027-11-23 00:00:00,2027-11-23 03:00:00,2027-11-24 06:00:00,yellow,fog,issued,83,0,170953
ALT964,STN748,East Plains,2027-11-23 12:00:00,2027-11-23 16:00:00,2027-11-25 00:00:00,amber,heat,expired,94,22,180684
ALT965,STN755,South Coast,2027-11-24 00:00:00,2027-11-24 05:00:00,2027-11-25 18:00:00,red,thunderstorm,cancelled,24,25,190415
ALT966,STN762,Western Hills,2027-11-24 12:00:00,2027-11-24 18:00:00,2027-11-26 12:00:00,yellow,wind,issued,35,0,200146
ALT967,STN769,North Coast,2027-11-25 00:00:00,2027-11-25 07:00:00,2027-11-27 06:00:00,amber,snow,expired,46,31,209877
ALT968,STN776,Central Valley,2027-11-25 12:00:00,2027-11-25 20:00:00,2027-11-28 00:00:00,red,rain,cancelled,57,34,219608
ALT969,STN783,Highlands,2027-11-26 00:00:00,2027-11-26 09:00:00,2027-11-28 18:00:00,yellow,ice,issued,68,0,229339
ALT970,STN790,East Plains,2027-11-26 12:00:00,2027-11-26 22:00:00,2027-11-27 12:00:00,amber,fog,expired,79,5,239070
ALT971,STN797,South Coast,2027-11-27 00:00:00,2027-11-27 11:00:00,2027-11-28 06:00:00,red,heat,cancelled,90,8,248801
ALT972,STN804,Western Hills,2027-11-27 12:00:00,2027-11-27 15:00:00,2027-11-28 15:00:00,yellow,thunderstorm,issued,20,0,258532
ALT973,STN811,North Coast,2027-11-28 00:00:00,2027-11-28 04:00:00,2027-11-29 09:00:00,amber,wind,expired,31,14,268263
ALT974,STN818,Central Valley,2027-11-28 12:00:00,2027-11-28 17:00:00,2027-11-30 03:00:00,red,snow,cancelled,42,17,277994
ALT975,STN825,Highlands,2027-11-29 00:00:00,2027-11-29 06:00:00,2027-11-30 21:00:00,yellow,rain,issued,53,0,287725
ALT976,STN832,East Plains,2027-11-29 12:00:00,2027-11-29 19:00:00,2027-12-01 15:00:00,amber,ice,expired,64,23,297456
ALT977,STN839,South Coast,2027-11-30 00:00:00,2027-11-30 08:00:00,2027-12-02 09:00:00,red,fog,cancelled,75,26,307187
ALT978,STN846,Western Hills,2027-11-30 12:00:00,2027-11-30 21:00:00,2027-12-03 03:00:00,yellow,heat,issued,86,0,316918
ALT979,STN853,North Coast,2027-12-01 00:00:00,2027-12-01 10:00:00,2027-12-03 21:00:00,amber,thunderstorm,expired,97,32,326649
ALT980,STN860,Central Valley,2027-12-01 12:00:00,2027-12-01 23:00:00,2027-12-02 15:00:00,red,wind,cancelled,27,0,336380
ALT981,STN867,Highlands,2027-12-02 00:00:00,2027-12-02 03:00:00,2027-12-03 00:00:00,yellow,snow,issued,38,0,346111
ALT982,STN874,East Plains,2027-12-02 12:00:00,2027-12-02 16:00:00,2027-12-03 18:00:00,amber,rain,expired,49,6,355842
ALT983,STN881,South Coast,2027-12-03 00:00:00,2027-12-03 05:00:00,2027-12-04 12:00:00,red,ice,cancelled,60,9,365573
ALT984,STN888,Western Hills,2027-12-03 12:00:00,2027-12-03 18:00:00,2027-12-05 06:00:00,yellow,fog,issued,71,0,375304
ALT985,STN895,North Coast,2027-12-04 00:00:00,2027-12-04 07:00:00,2027-12-06 00:00:00,amber,heat,expired,82,15,385035
ALT986,STN902,Central Valley,2027-12-04 12:00:00,2027-12-04 20:00:00,2027-12-06 18:00:00,red,thunderstorm,cancelled,93,18,394766
ALT987,STN909,Highlands,2027-12-05 00:00:00,2027-12-05 09:00:00,2027-12-07 12:00:00,yellow,wind,issued,23,0,404497
ALT988,STN916,East Plains,2027-12-05 12:00:00,2027-12-05 22:00:00,2027-12-08 06:00:00,amber,snow,expired,34,24,414228
ALT989,STN923,South Coast,2027-12-06 00:00:00,2027-12-06 11:00:00,2027-12-07 00:00:00,red,rain,cancelled,45,27,423959
ALT990,STN930,Western Hills,2027-12-06 12:00:00,2027-12-06 15:00:00,2027-12-07 09:00:00,yellow,ice,issued,56,0,433690
ALT991,STN937,North Coast,2027-12-07 00:00:00,2027-12-07 04:00:00,2027-12-08 03:00:00,amber,fog,expired,67,33,443421
ALT992,STN944,Central Valley,2027-12-07 12:00:00,2027-12-07 17:00:00,2027-12-08 21:00:00,red,heat,cancelled,78,1,453152
ALT993,STN951,Highlands,2027-12-08 00:00:00,2027-12-08 06:00:00,2027-12-09 15:00:00,yellow,thunderstorm,issued,89,0,462883
ALT994,STN958,East Plains,2027-12-08 12:00:00,2027-12-08 19:00:00,2027-12-10 09:00:00,amber,wind,expired,100,7,472614
ALT995,STN965,South Coast,2027-12-09 00:00:00,2027-12-09 08:00:00,2027-12-11 03:00:00,red,snow,cancelled,30,10,482345
ALT996,STN972,Western Hills,2027-12-09 12:00:00,2027-12-09 21:00:00,2027-12-11 21:00:00,yellow,rain,issued,41,0,492076
ALT997,STN979,North Coast,2027-12-10 00:00:00,2027-12-10 10:00:00,2027-12-12 15:00:00,amber,ice,expired,52,16,16807
ALT998,STN986,Central Valley,2027-12-10 12:00:00,2027-12-10 23:00:00,2027-12-13 09:00:00,red,fog,cancelled,63,19,26538
ALT999,STN993,Highlands,2027-12-11 00:00:00,2027-12-11 03:00:00,2027-12-11 18:00:00,yellow,heat,issued,74,0,36269
ALT1000,STN1000,East Plains,2027-12-11 12:00:00,2027-12-11 16:00:00,2027-12-12 12:00:00,amber,thunderstorm,expired,85,25,46000
